project,n_left,excess,ci_lo,ci_hi,delta_from_full
Chart,277,0.4244826397742294,0.3625778809448786,0.4838299469397736,0.0017391760160402892
Cli,278,0.4362173584286567,0.3756792287452297,0.49493132136698553,0.013473894670467612
Closure,262,0.40237251551863523,0.33804006555272686,0.4628580272220456,-0.020370948239553877
Codec,274,0.4223429952250595,0.36065705118761426,0.48295791483882794,-0.0004004685331295832
Collections,269,0.42277418305998554,0.3606032378937074,0.4848362416236059,3.071930179643356e-05
Compress,271,0.4141741049810035,0.35198935596777986,0.47577967407300187,-0.00856935877718562
Csv,272,0.41611372485801784,0.3544413967329162,0.47769712488457494,-0.006629738900171267
Gson,278,0.4196705476838939,0.35867609683974,0.4809061828188461,-0.0030729160742952177
JacksonCore,276,0.4322791526586487,0.37157951402197575,0.4915193974580991,0.009535688900459582
JacksonDatabind,282,0.41755360837715777,0.3567938715140249,0.47889860894809577,-0.005189855381031339
JacksonXml,285,0.42048058922314024,0.3608447399303283,0.48083342065963347,-0.0022628745350488644
Jsoup,248,0.4057625488451856,0.34215641185276546,0.47007522830315085,-0.01698091491300352
JxPath,274,0.41887867699096615,0.3569902557118662,0.48097108572848135,-0.0038647867672229608
Lang,271,0.4228678185771947,0.36055663927388854,0.48517941720867097,0.00012435481900557877
Math,234,0.4636048913244798,0.3988204099866303,0.5277947175330633,0.04086142756629069
Mockito,279,0.42381895316390267,0.36247156320984697,0.4838996981885113,0.0010754894057135589
Time,278,0.4264934845256088,0.36441823971537785,0.48617367816242435,0.003750020767419704
