project,bug_id,n_tests,n_triggers_mapped,wall_sec,included_primary,has_nogain_trigger,r_trigger,r_placebo,excess,same_class_excess,same_class_r_trigger,same_class_r_placebo,fault_level_coupled,single_trigger_primary
Collections,26,74,1,12.16,True,True,0.0,0.3,-0.3,-0.3,0.0,0.3,0,True
Jsoup,38,350,1,1481.36,False,False,,,,,,,1,False
Lang,60,185,1,75.37,True,True,1.0,0.42857142857142855,0.5714285714285714,0.5714285714285714,1.0,0.42857142857142855,1,True
JacksonDatabind,39,235,1,24.66,True,True,1.0,0.0,1.0,1.0,1.0,0.0,1,True
JacksonCore,20,384,2,159.05,False,False,,,,,,,1,False
Csv,5,138,1,73.52,True,True,1.0,0.0,1.0,,,,1,True
Jsoup,12,174,1,88.04,True,True,1.0,0.16666666666666666,0.8333333333333334,0.8333333333333334,1.0,0.16666666666666666,1,True
Jsoup,81,228,1,336.64,False,False,,,,,,,1,False
Math,43,78,6,44.69,True,True,0.0,0.0,0.0,0.0,0.0,0.0,1,False
Math,57,4,1,74.02,True,True,1.0,0.0,1.0,1.0,1.0,0.0,1,True
Lang,39,523,1,115.51,False,False,,,,,,,1,False
Compress,22,55,1,148.31,True,True,1.0,1.0,0.0,0.0,1.0,1.0,1,True
Math,74,56,1,801.54,True,True,0.0,0.0,0.0,0.0,0.0,0.0,0,True
Math,91,62,1,45.64,False,False,,,,,,,1,False
Jsoup,85,623,1,72.58,True,True,1.0,0.0,1.0,,,,1,True
Jsoup,23,279,1,1629.41,True,True,1.0,0.0199203187250996,0.9800796812749004,,,,1,True
Math,102,30,6,16.02,False,False,,,,,,,1,False
Jsoup,78,223,1,364.34,True,True,0.0,0.0,0.0,0.0,0.0,0.0,0,True
Chart,17,60,1,27.37,True,True,0.0,0.25,-0.25,-0.25,0.0,0.25,0,True
Chart,18,327,4,104.85,False,False,,,,,,,1,False
Jsoup,44,410,1,272.6,True,True,1.0,0.0,1.0,1.0,1.0,0.0,1,True
Csv,8,184,1,69.3,True,True,1.0,0.3157894736842105,0.6842105263157895,0.6842105263157895,1.0,0.3157894736842105,1,True
Math,21,24,2,29.97,True,True,1.0,1.0,0.0,0.0,1.0,1.0,1,False
Lang,27,110,1,16.17,False,False,,,,,,,1,False
Jsoup,46,408,1,290.28,False,False,,,,,,,1,False
Codec,10,13,1,5.56,True,True,1.0,0.4,0.6,0.6,1.0,0.4,1,True
Cli,15,361,2,40.5,False,False,,,,,,,1,False
Compress,39,177,1,105.13,True,True,1.0,0.0,1.0,,,,1,True
Math,12,705,3,345.46,True,True,0.0,0.0,0.0,0.0,0.0,0.0,0,False
Jsoup,20,19,1,10.15,False,False,,,,,,,1,False
Math,40,90,1,251.54,True,True,1.0,0.7142857142857143,0.2857142857142857,0.2857142857142857,1.0,0.7142857142857143,1,True
Codec,13,245,2,190.71,False,False,,,,,,,1,False
Mockito,37,303,2,109.17,False,False,,,,,,,1,False
Math,99,561,2,759.47,True,True,1.0,0.4666666666666667,0.5333333333333333,0.5333333333333333,1.0,0.4666666666666667,1,False
Math,33,28,1,147.52,True,True,0.0,0.19047619047619047,-0.19047619047619047,-0.19047619047619047,0.0,0.19047619047619047,0,True
Chart,13,195,1,171.4,False,False,,,,,,,1,False
Math,82,14,1,24.89,True,True,1.0,0.38461538461538464,0.6153846153846154,0.6153846153846154,1.0,0.38461538461538464,1,True
JacksonCore,2,184,2,1277.52,False,False,,,,,,,1,False
Collections,15,69,1,13.96,True,True,1.0,0.09523809523809523,0.9047619047619048,0.9047619047619048,1.0,0.09523809523809523,1,True
Closure,101,21,1,70.27,True,True,1.0,0.05263157894736842,0.9473684210526316,0.9473684210526316,1.0,0.05263157894736842,1,True
Math,5,274,1,87.4,True,True,1.0,0.15384615384615385,0.8461538461538461,0.8461538461538461,1.0,0.15384615384615385,1,True
JacksonCore,13,311,1,21.84,False,False,,,,,,,1,False
Closure,74,170,3,1352.51,True,True,1.0,0.4583333333333333,0.5416666666666667,0.5416666666666667,1.0,0.4583333333333333,1,False
Math,9,35,1,19.71,False,False,,,,,,,1,False
Time,11,8,1,23.22,True,True,0.0,0.0,0.0,0.0,0.0,0.0,0,True
Math,70,16,1,8.23,True,True,0.0,0.5,-0.5,-0.5,0.0,0.5,0,True
Lang,40,516,1,114.39,True,True,0.0,1.0,-1.0,-1.0,0.0,1.0,0,True
Gson,1,449,1,10.36,False,False,,,,,,,1,False
JacksonXml,2,108,1,651.56,True,True,1.0,0.02127659574468085,0.9787234042553191,,,,1,True
Cli,3,1,1,2.36,False,False,,,,,,,1,False
JacksonCore,17,318,1,537.91,False,False,,,,,,,1,False
JacksonCore,26,562,1,850.52,True,True,1.0,0.1875,0.8125,,,,1,True
Gson,8,442,2,10.87,True,True,1.0,0.0,1.0,1.0,1.0,0.0,1,False
Closure,83,53,1,275.2,False,False,,,,,,,1,False
Lang,12,10,2,10.94,False,True,,,,,,,1,False
Math,77,346,2,45.65,False,False,,,,,,,1,False
Jsoup,49,434,1,696.35,True,True,0.0,0.14285714285714285,-0.14285714285714285,-0.14285714285714285,0.0,0.14285714285714285,0,True
Csv,6,117,1,6.33,True,True,1.0,0.25,0.75,0.75,1.0,0.25,1,True
Lang,43,7,1,46.33,False,False,,,,,,,1,False
Math,67,2,1,9.37,False,False,,,,,,,1,False
JacksonDatabind,51,341,1,280.13,True,True,1.0,0.0,1.0,1.0,1.0,0.0,1,True
JacksonXml,6,179,5,958.03,False,False,,,,,,,1,False
Math,49,35,1,84.85,False,False,,,,,,,1,False
Chart,3,86,1,43.02,True,True,1.0,0.5833333333333334,0.41666666666666663,0.41666666666666663,1.0,0.5833333333333334,1,True
Csv,7,156,1,41.4,True,True,1.0,0.05555555555555555,0.9444444444444444,0.9444444444444444,1.0,0.05555555555555555,1,True
Math,65,77,1,68.79,False,False,,,,,,,1,False
Lang,51,190,1,6.2,False,False,,,,,,,1,False
Math,69,17,2,15.81,True,True,1.0,0.16666666666666666,0.8333333333333334,0.8333333333333334,1.0,0.16666666666666666,1,False
JacksonDatabind,29,33,1,40.73,False,False,,,,,,,1,False
Lang,3,172,1,,True,True,1.0,0.5,0.5,0.5,1.0,0.5,1,True
Jsoup,21,245,2,231.45,True,True,0.0,0.14285714285714285,-0.14285714285714285,-0.14285714285714285,0.0,0.14285714285714285,0,False
Collections,3,138,1,11.16,True,True,0.0,0.0,0.0,0.0,0.0,0.0,0,True
Csv,4,134,1,34.77,True,True,1.0,0.0,1.0,1.0,1.0,0.0,1,True
Closure,55,96,1,127.86,True,True,1.0,0.375,0.625,0.625,1.0,0.375,1,True
Closure,29,291,5,701.8,False,False,,,,,,,1,False
Math,104,134,1,162.83,True,True,1.0,0.0,1.0,,,,1,True
Lang,65,30,1,11.24,False,True,,,,,,,1,False
JacksonXml,5,163,1,185.43,True,True,0.0,0.0,0.0,,,,0,True
Jsoup,77,587,1,31.34,True,True,0.0,0.09090909090909091,-0.09090909090909091,-0.09090909090909091,0.0,0.09090909090909091,0,True
Lang,23,8,1,54.85,False,False,,,,,,,1,False
Jsoup,11,172,4,61.28,False,False,,,,,,,1,False
Closure,76,107,4,575.77,False,False,,,,,,,1,False
Jsoup,75,588,1,663.91,True,True,0.0,0.023809523809523808,-0.023809523809523808,-0.023809523809523808,0.0,0.023809523809523808,0,True
Closure,87,112,1,535.01,False,False,,,,,,,1,False
Collections,12,16,1,9.92,False,False,,,,,,,1,False
Jsoup,86,610,1,25.81,True,True,0.0,0.2,-0.2,-0.2,0.0,0.2,0,True
Math,41,236,1,92.14,True,True,0.0,0.0,0.0,0.0,0.0,0.0,0,True
Math,76,17,2,32.35,True,True,0.5,0.5,0.0,0.0,0.5,0.5,1,False
Math,24,16,1,47.86,True,True,1.0,0.25,0.75,0.75,1.0,0.25,1,True
Codec,5,83,2,388.28,False,False,,,,,,,1,False
Math,100,48,1,29.13,True,True,0.0,0.0,0.0,0.0,0.0,0.0,0,True
Math,64,57,2,971.42,True,True,0.0,0.5,-0.5,-0.5,0.0,0.5,0,False
Compress,23,25,1,29.3,True,True,1.0,0.0,1.0,1.0,1.0,0.0,1,True
Closure,136,101,4,846.52,True,True,0.0,0.19444444444444445,-0.19444444444444445,-0.19444444444444445,0.0,0.19444444444444445,1,False
Csv,12,193,1,86.63,True,True,0.0,0.0196078431372549,-0.0196078431372549,-0.0196078431372549,0.0,0.0196078431372549,0,True
Jsoup,3,146,3,838.37,True,True,1.0,0.28381642512077293,0.7161835748792271,0.7161835748792271,1.0,0.28381642512077293,1,False
Chart,6,486,2,43.13,False,False,,,,,,,1,False
Chart,12,201,1,16.59,False,False,,,,,,,1,False
Math,73,215,1,413.69,False,False,,,,,,,1,False
Closure,147,101,3,416.28,True,True,1.0,0.18888888888888888,0.8111111111111111,0.8111111111111111,1.0,0.18888888888888888,1,False
Jsoup,32,330,1,199.59,True,True,1.0,0.3,0.7,0.7,1.0,0.3,1,True
Closure,170,376,1,1698.27,True,True,1.0,0.04285714285714286,0.9571428571428572,0.9571428571428572,1.0,0.04285714285714286,1,True
Compress,26,264,2,282.35,False,False,,,,,,,1,False
JxPath,11,88,2,211.24,True,True,1.0,0.0,1.0,1.0,1.0,0.0,1,False
JxPath,7,137,1,12.99,False,False,,,,,,,1,False
JacksonDatabind,88,247,1,145.68,True,True,1.0,0.0,1.0,,,,1,True
Lang,4,137,1,18.24,True,True,0.0,0.0,0.0,0.0,0.0,0.0,0,True
Closure,105,106,1,1425.09,False,False,,,,,,,1,False
Collections,28,164,1,349.73,False,False,,,,,,,1,False
Chart,25,9,4,26.64,False,True,,,,,,,1,False
Lang,35,795,1,80.77,False,False,,,,,,,1,False
JacksonXml,3,136,1,760.65,False,False,,,,,,,1,False
Closure,12,351,1,680.92,True,True,1.0,0.0,1.0,1.0,1.0,0.0,1,True
JacksonCore,24,557,8,376.2,True,True,0.0,0.42857142857142855,-0.42857142857142855,-0.42857142857142855,0.0,0.42857142857142855,1,False
Lang,55,6,1,249.76,False,True,,,,,,,1,False
Codec,15,32,1,11.52,True,True,1.0,0.045454545454545456,0.9545454545454546,0.9545454545454546,1.0,0.045454545454545456,1,True
Math,3,2257,1,985.59,False,False,,,,,,,1,False
JxPath,10,139,1,14.03,True,True,0.0,0.0,0.0,0.0,0.0,0.0,0,True
Lang,32,45,1,12.4,True,True,1.0,0.2,0.8,0.8,1.0,0.2,1,True
Csv,15,278,1,328.09,True,True,0.0,0.03896103896103896,-0.03896103896103896,-0.03896103896103896,0.0,0.03896103896103896,0,True
Chart,24,15,1,11.39,False,False,,,,,,,1,False
Jsoup,15,232,1,1085.42,True,True,1.0,0.18518518518518517,0.8148148148148149,0.8148148148148149,1.0,0.18518518518518517,1,True
Compress,15,104,1,58.33,True,True,1.0,0.015384615384615385,0.9846153846153847,,,,1,True
JacksonCore,11,297,1,922.5,True,True,1.0,0.24444444444444444,0.7555555555555555,,,,1,True
JxPath,14,276,1,139.79,False,False,,,,,,,1,False
Jsoup,7,184,1,84.26,False,False,,,,,,,1,False
Closure,53,116,1,626.04,True,True,1.0,0.12,0.88,0.88,1.0,0.12,1,True
Cli,35,404,1,25.22,True,True,1.0,0.0,1.0,1.0,1.0,0.0,1,True
JxPath,4,315,6,801.0,True,True,1.0,0.0,1.0,1.0,1.0,0.0,1,False
Chart,11,543,1,103.0,False,False,,,,,,,1,False
Math,103,20,1,8.39,False,False,,,,,,,1,False
Codec,8,86,1,453.04,True,True,0.0,0.25,-0.25,-0.25,0.0,0.25,0,True
Jsoup,35,343,1,1390.01,True,True,1.0,0.25,0.75,0.75,1.0,0.25,1,True
Jsoup,82,233,1,432.53,False,False,,,,,,,1,False
Lang,41,241,2,23.52,False,False,,,,,,,1,False
Codec,7,85,2,429.66,True,True,1.0,0.12195121951219512,0.8780487804878049,0.8780487804878049,1.0,0.12195121951219512,1,False
Closure,151,39,1,175.55,False,False,,,,,,,1,False
JxPath,12,331,1,618.26,True,True,1.0,0.022222222222222223,0.9777777777777777,,,,1,True
JacksonDatabind,107,475,1,417.8,True,True,1.0,0.0,1.0,1.0,1.0,0.0,1,True
Cli,40,35,1,3.14,True,True,0.0,0.0,0.0,0.0,0.0,0.0,0,True
Lang,21,116,1,36.12,False,False,,,,,,,1,False
Closure,78,156,1,1281.51,False,False,,,,,,,1,False
Math,98,133,2,81.29,True,True,0.0,0.4666666666666667,-0.4666666666666667,-0.6,0.0,0.6,0,False
Lang,47,206,2,82.01,False,False,,,,,,,1,False
Lang,10,163,2,564.41,False,False,,,,,,,1,False
Compress,21,15,8,86.33,False,False,,,,,,,1,False
Lang,57,11,11,5.25,False,True,,,,,,,1,False
Chart,2,555,2,484.74,True,True,1.0,0.4230769230769231,0.5769230769230769,0.5769230769230769,1.0,0.4230769230769231,1,False
Csv,3,81,3,53.81,True,True,1.0,0.13333333333333333,0.8666666666666667,0.8666666666666667,1.0,0.13333333333333333,1,False
Time,16,2596,7,433.2,True,True,1.0,0.045454545454545456,0.9545454545454546,0.9545454545454546,1.0,0.045454545454545456,1,False
Cli,7,1,1,3.3,False,False,,,,,,,1,False
Math,83,17,1,44.33,True,True,1.0,0.3333333333333333,0.6666666666666667,0.6666666666666667,1.0,0.3333333333333333,1,True
Lang,52,74,1,7.22,False,False,,,,,,,1,False
JacksonDatabind,49,45,1,36.34,True,True,0.0,0.0,0.0,,,,0,True
Time,7,2703,2,492.71,True,True,0.0,0.05,-0.05,-0.05,0.0,0.05,0,False
Jsoup,80,593,1,38.92,True,True,1.0,0.0,1.0,1.0,1.0,0.0,1,True
Math,37,296,4,83.48,False,False,,,,,,,1,False
Compress,40,50,2,25.65,False,False,,,,,,,1,False
Math,25,7,1,24.66,False,True,,,,,,,1,False
Math,86,12,2,14.9,True,True,1.0,0.0,1.0,1.0,1.0,0.0,1,False
Closure,58,177,1,623.6,False,False,,,,,,,1,False
Compress,10,35,1,78.71,False,False,,,,,,,0,False
Closure,97,82,1,312.32,False,False,,,,,,,1,False
Lang,49,25,1,203.82,False,False,,,,,,,1,False
Math,14,92,1,62.63,True,True,0.0,0.0,0.0,0.0,0.0,0.0,0,True
Compress,32,332,1,445.5,False,False,,,,,,,1,False
Compress,24,123,1,157.08,True,True,1.0,0.3333333333333333,0.6666666666666667,0.6666666666666667,1.0,0.3333333333333333,1,True
Math,58,8,1,137.72,False,False,,,,,,,1,False
JacksonCore,7,117,2,50.6,True,True,1.0,1.0,0.0,0.0,1.0,1.0,1,False
Lang,14,834,1,133.17,False,False,,,,,,,1,False
Collections,7,14,3,10.29,True,True,1.0,0.0,1.0,1.0,1.0,0.0,1,False
Lang,8,154,2,1591.98,False,False,,,,,,,1,False
Collections,16,70,1,14.34,False,False,,,,,,,1,False
Math,4,52,2,26.96,True,True,1.0,0.0,1.0,1.0,1.0,0.0,1,False
Chart,9,64,1,30.11,True,True,1.0,0.2222222222222222,0.7777777777777778,0.7777777777777778,1.0,0.2222222222222222,1,True
Jsoup,16,239,2,9.3,True,True,1.0,0.0,1.0,1.0,1.0,0.0,1,False
Lang,54,12,1,5.47,False,False,,,,,,,1,False
JxPath,19,361,2,1081.21,True,True,0.5,0.10714285714285714,0.39285714285714285,,,,1,False
Compress,42,186,1,111.69,True,True,1.0,1.0,0.0,0.0,1.0,1.0,1,True
Jsoup,40,359,2,10.54,True,True,0.5,0.0,0.5,0.5,0.5,0.0,1,False
Lang,15,10,2,9.03,False,False,,,,,,,1,False
Math,30,3,1,13.66,False,True,,,,,,,0,False
Lang,33,255,1,25.86,False,False,,,,,,,1,False
Math,31,317,2,308.1,True,True,0.0,0.0,0.0,0.0,0.0,0.0,0,False
Closure,91,96,1,324.65,False,False,,,,,,,1,False
Compress,45,163,1,698.95,False,False,,,,,,,1,False
Math,1,313,2,,False,False,,,,,,,1,False
Gson,17,590,2,9.2,True,True,0.0,0.0,0.0,0.0,0.0,0.0,1,False
JxPath,1,296,2,151.75,True,True,1.0,0.05555555555555555,0.9444444444444444,0.9444444444444444,1.0,0.05555555555555555,1,False
Closure,23,372,1,1377.0,False,False,,,,,,,1,False
Codec,18,383,2,8.27,False,False,,,,,,,1,False
Lang,58,256,1,18.84,False,False,,,,,,,1,False
Jsoup,30,22,1,13.42,False,False,,,,,,,1,False
Csv,13,219,2,373.77,True,True,0.5,0.3333333333333333,0.16666666666666669,0.16666666666666669,0.5,0.3333333333333333,1,False
JxPath,2,297,1,43.03,True,True,0.0,0.0,0.0,0.0,0.0,0.0,0,True
Cli,37,65,1,28.72,True,True,0.0,0.13636363636363635,-0.13636363636363635,,,,0,True
Math,35,12,4,15.74,True,True,0.5,0.0,0.5,0.5,0.5,0.0,1,False
JacksonCore,14,311,1,81.59,False,False,,,,,,,1,False
Cli,31,353,1,127.44,True,True,0.0,0.7777777777777778,-0.7777777777777778,-0.7777777777777778,0.0,0.7777777777777778,0,True
Chart,5,292,1,54.06,True,True,1.0,0.0,1.0,1.0,1.0,0.0,1,True
Codec,9,87,1,416.06,True,True,1.0,0.16279069767441862,0.8372093023255813,0.8372093023255813,1.0,0.16279069767441862,1,True
Jsoup,19,17,1,21.12,True,True,1.0,0.0,1.0,1.0,1.0,0.0,1,True
Compress,27,127,1,117.44,True,True,1.0,0.3333333333333333,0.6666666666666667,0.6666666666666667,1.0,0.3333333333333333,1,True
Csv,16,156,1,51.47,True,True,0.0,0.18181818181818182,-0.18181818181818182,-0.18181818181818182,0.0,0.18181818181818182,0,True
Lang,31,571,2,118.6,False,False,,,,,,,1,False
Jsoup,88,629,1,95.28,True,True,0.0,1.0,-1.0,-1.0,0.0,1.0,0,True
JacksonCore,10,292,4,950.52,True,True,1.0,1.0,0.0,0.0,1.0,1.0,1,False
Jsoup,93,639,1,28.73,False,False,,,,,,,1,False
Codec,3,21,1,187.31,True,True,1.0,0.2,0.8,,,,1,True
Lang,34,344,27,108.72,True,True,1.0,0.3333333333333333,0.6666666666666667,0.6666666666666667,1.0,0.3333333333333333,1,False
Time,5,1950,3,122.28,True,True,0.0,0.11538461538461538,-0.11538461538461538,-0.11538461538461538,0.0,0.11538461538461538,0,False
Lang,9,165,2,581.19,True,True,1.0,0.023809523809523808,0.9761904761904762,0.9761904761904762,1.0,0.023809523809523808,1,False
Math,11,10,1,21.13,True,True,0.0,0.0,0.0,0.0,0.0,0.0,0,True
JxPath,22,372,1,710.21,True,True,0.0,0.08771929824561403,-0.08771929824561403,,,,0,True
JxPath,17,97,2,215.75,False,False,,,,,,,1,False
Closure,143,91,3,322.0,True,True,1.0,0.0,1.0,1.0,1.0,0.0,1,False
Closure,88,92,7,491.75,True,True,1.0,0.05529953917050691,0.9447004608294931,0.9447004608294931,1.0,0.05529953917050691,1,False
Codec,2,50,2,155.49,True,True,1.0,0.5,0.5,0.5,1.0,0.5,1,False
Chart,16,25,8,17.42,True,True,1.0,0.3333333333333333,0.6666666666666667,0.6666666666666667,1.0,0.3333333333333333,1,False
Time,2,4011,1,785.03,True,True,1.0,0.18181818181818182,0.8181818181818181,0.8181818181818181,1.0,0.18181818181818182,1,True
Lang,59,186,1,73.59,True,True,1.0,0.3333333333333333,0.6666666666666667,0.6666666666666667,1.0,0.3333333333333333,1,True
Jsoup,39,38,1,25.37,True,True,1.0,0.0,1.0,,,,1,True
JxPath,9,329,1,142.86,False,False,,,,,,,1,False
Collections,25,287,1,9.19,False,False,,,,,,,1,False
Math,97,130,1,95.41,False,False,,,,,,,1,False
JxPath,18,350,2,214.45,False,False,,,,,,,1,False
Math,51,36,1,303.68,False,False,,,,,,,1,False
Math,56,5,1,66.23,False,False,,,,,,,1,False
Math,36,94,2,126.16,False,False,,,,,,,1,False
Jsoup,18,243,3,555.19,True,True,1.0,0.0,1.0,1.0,1.0,0.0,1,False
Math,66,10,4,42.61,True,True,1.0,0.9166666666666667,0.08333333333333326,0.0,1.0,1.0,1,False
Csv,10,149,1,76.82,True,True,1.0,0.0,1.0,1.0,1.0,0.0,1,True
Math,55,88,1,412.1,True,True,1.0,0.4,0.6,0.6,1.0,0.4,1,True
Codec,12,35,12,84.49,False,True,,,,,,,1,False
Jsoup,5,168,1,360.32,False,False,,,,,,,1,False
Math,89,7,1,8.08,False,True,,,,,,,0,False
Codec,4,72,2,354.5,True,True,0.0,0.16666666666666666,-0.16666666666666666,-0.16666666666666666,0.0,0.16666666666666666,0,False
Cli,38,66,1,30.62,True,True,1.0,1.0,0.0,0.0,1.0,1.0,1,True
JacksonCore,6,5,1,6.56,False,False,,,,,,,1,False
Lang,45,82,1,8.12,False,False,,,,,,,1,False
Compress,2,53,1,8.99,False,False,,,,,,,1,False
Math,13,88,1,251.98,True,True,0.0,0.0,0.0,0.0,0.0,0.0,0,True
Cli,13,427,1,88.47,True,True,0.0,0.0,0.0,0.0,0.0,0.0,0,True
JxPath,3,301,1,22.17,True,True,1.0,0.0,1.0,,,,1,True
Jsoup,52,445,7,96.29,False,False,,,,,,,1,False
JacksonCore,23,557,1,24.66,False,False,,,,,,,0,False
Math,87,16,1,50.01,True,True,0.0,0.45454545454545453,-0.45454545454545453,-0.45454545454545453,0.0,0.45454545454545453,0,True
JxPath,6,327,1,94.39,True,True,0.0,0.0,0.0,,,,0,True
Lang,20,585,2,148.87,True,True,0.5,0.38461538461538464,0.11538461538461536,0.11538461538461536,0.5,0.38461538461538464,1,False
Compress,31,153,2,829.46,False,False,,,,,,,1,False
Codec,17,380,1,10.44,True,True,0.0,0.125,-0.125,-0.125,0.0,0.125,0,True
Gson,6,684,2,13.6,True,True,1.0,0.0,1.0,,,,1,False
Math,106,16,1,5.53,False,False,,,,,,,1,False
Math,85,93,1,384.76,True,True,1.0,1.0,0.0,0.0,1.0,1.0,1,True
Closure,107,115,1,1623.42,True,True,1.0,0.06481481481481481,0.9351851851851852,0.9351851851851852,1.0,0.06481481481481481,1,True
Lang,37,657,1,77.19,False,False,,,,,,,1,False
Closure,8,282,1,743.55,True,True,1.0,0.5,0.5,0.5,1.0,0.5,1,True
JxPath,21,348,2,106.44,True,True,1.0,0.0,1.0,1.0,1.0,0.0,1,False
Gson,5,9,1,7.27,False,False,,,,,,,1,False
Collections,21,75,1,10.15,True,True,0.0,0.03333333333333333,-0.03333333333333333,-0.03333333333333333,0.0,0.03333333333333333,0,True
Lang,63,16,1,292.48,False,False,,,,,,,1,False
Codec,11,33,5,18.85,True,True,1.0,0.4,0.6,0.6,1.0,0.4,1,False
Collections,18,66,1,8.77,True,True,1.0,0.0,1.0,1.0,1.0,0.0,1,True
Lang,46,87,1,7.12,True,True,1.0,0.5,0.5,0.5,1.0,0.5,1,True
JacksonDatabind,18,26,3,44.74,False,False,,,,,,,1,False
Gson,10,690,1,216.0,True,True,0.0,0.0,0.0,0.0,0.0,0.0,0,True
Lang,17,45,1,31.11,True,True,0.0,0.0,0.0,0.0,0.0,0.0,0,True
Math,88,15,1,39.17,True,True,0.0,0.4,-0.4,-0.4,0.0,0.4,0,True
Jsoup,48,26,1,10.96,False,False,,,,,,,1,False
Codec,14,47,1,615.4,True,True,1.0,0.16666666666666666,0.8333333333333334,,,,1,True
Jsoup,10,189,1,455.57,False,False,,,,,,,1,False
JacksonCore,21,16,3,28.41,True,True,1.0,0.5555555555555556,0.4444444444444444,,,,1,False
Collections,5,68,1,13.42,True,True,1.0,0.045454545454545456,0.9545454545454546,0.9545454545454546,1.0,0.045454545454545456,1,True
Math,53,179,1,643.29,True,True,1.0,0.3442622950819672,0.6557377049180328,0.6557377049180328,1.0,0.3442622950819672,1,True
Lang,61,184,2,71.55,True,True,1.0,0.36363636363636365,0.6363636363636364,0.6363636363636364,1.0,0.36363636363636365,1,False
Closure,85,77,2,315.78,True,True,0.0,0.1,-0.1,-0.1,0.0,0.1,0,False
Time,12,1674,8,174.03,False,False,,,,,,,1,False
Closure,9,117,1,102.83,False,False,,,,,,,1,False
Jsoup,8,185,1,407.12,True,True,1.0,0.11538461538461539,0.8846153846153846,0.8846153846153846,1.0,0.11538461538461539,1,True
Jsoup,84,6,1,11.8,True,True,1.0,0.75,0.25,0.25,1.0,0.75,1,True
Time,22,1875,2,206.41,True,True,0.0,0.0,0.0,0.0,0.0,0.0,0,False
JxPath,13,332,1,744.06,True,True,0.0,0.5,-0.5,-0.5,0.0,0.5,0,True
Jsoup,89,630,1,64.96,True,True,1.0,0.5,0.5,0.5,1.0,0.5,1,True
Mockito,38,102,2,34.7,True,True,1.0,0.28703703703703703,0.712962962962963,0.5,1.0,0.5,1,False
Jsoup,33,356,1,492.73,True,True,1.0,0.14516129032258066,0.8548387096774194,0.8548387096774194,1.0,0.14516129032258066,1,True
JxPath,5,324,1,613.22,False,False,,,,,,,1,False
Lang,7,166,1,20.96,False,False,,,,,,,1,False
JacksonCore,5,4,1,5.43,True,True,0.0,1.0,-1.0,-1.0,0.0,1.0,0,True
Compress,8,63,1,19.32,False,False,,,,,,,1,False
Math,8,22,1,17.29,False,False,,,,,,,1,False
Collections,4,23,3,6.53,True,True,1.0,0.14285714285714285,0.8571428571428572,0.8571428571428572,1.0,0.14285714285714285,1,False
Mockito,28,28,1,38.8,True,True,1.0,0.041666666666666664,0.9583333333333334,,,,1,True
Closure,50,101,2,267.6,True,True,1.0,0.05,0.95,,,,1,False
Closure,72,420,1,1098.74,True,True,1.0,0.04225352112676056,0.9577464788732395,0.9577464788732395,1.0,0.04225352112676056,1,True
Csv,14,245,6,365.67,True,True,0.0,0.08695652173913043,-0.08695652173913043,-0.08695652173913043,0.0,0.08695652173913043,0,False
Lang,19,32,2,17.41,False,False,,,,,,,1,False
Jsoup,54,4,1,5.62,False,True,,,,,,,1,False
Closure,148,92,6,437.67,True,True,1.0,0.08,0.92,1.0,1.0,0.0,1,False
Jsoup,53,409,1,406.89,True,True,1.0,0.023255813953488372,0.9767441860465116,0.9767441860465116,1.0,0.023255813953488372,1,True
Codec,1,90,5,31.07,True,True,0.0,0.1,-0.1,-0.1,0.0,0.1,0,False
Compress,33,42,1,8.9,False,False,,,,,,,1,False
Lang,30,582,10,123.18,False,False,,,,,,,1,False
Collections,19,74,1,8.75,True,True,1.0,0.2,0.8,0.8,1.0,0.2,1,True
Collections,8,111,1,137.04,True,True,1.0,0.13793103448275862,0.8620689655172413,0.8620689655172413,1.0,0.13793103448275862,1,True
Collections,2,10,1,7.38,False,False,,,,,,,1,False
JacksonDatabind,98,52,1,106.82,False,False,,,,,,,1,False
Csv,9,119,1,5.09,True,True,1.0,0.1111111111111111,0.8888888888888888,0.8888888888888888,1.0,0.1111111111111111,1,True
Jsoup,24,275,1,583.5,False,False,,,,,,,1,False
Compress,1,26,1,5.24,False,True,,,,,,,1,False
JacksonDatabind,35,277,1,30.08,False,False,,,,,,,1,False
Compress,6,80,1,17.02,False,False,,,,,,,1,False
JxPath,15,341,2,30.51,True,True,1.0,0.0,1.0,,,,1,False
Math,48,36,1,267.83,True,True,1.0,0.16666666666666666,0.8333333333333334,0.8333333333333334,1.0,0.16666666666666666,1,True
JxPath,20,140,1,14.03,False,False,,,,,,,1,False
Math,42,27,1,114.57,False,False,,,,,,,1,False
Math,96,171,1,26.85,True,True,0.0,0.38461538461538464,-0.38461538461538464,-0.38461538461538464,0.0,0.38461538461538464,0,True
Lang,50,35,2,70.08,False,False,,,,,,,1,False
Collections,17,197,1,6.13,True,True,0.0,0.3333333333333333,-0.3333333333333333,-0.3333333333333333,0.0,0.3333333333333333,0,True
Lang,22,25,2,206.21,False,False,,,,,,,1,False
JacksonXml,4,138,1,165.48,False,False,,,,,,,1,False
Jsoup,45,414,1,1010.02,True,True,1.0,0.109375,0.890625,0.890625,1.0,0.109375,1,True
Jsoup,1,129,1,13.85,True,True,0.0,0.0,0.0,0.0,0.0,0.0,0,True
Closure,163,403,3,1591.3,True,True,0.6666666666666666,0.2222222222222222,0.4444444444444444,0.4444444444444444,0.6666666666666666,0.2222222222222222,1,False
Closure,46,2095,3,258.35,True,True,0.3333333333333333,0.2113617376775271,0.1219715956558062,-0.23809523809523808,0.0,0.23809523809523808,1,False
Closure,126,318,2,452.7,True,True,1.0,0.0,1.0,1.0,1.0,0.0,1,False
Chart,1,436,1,168.35,True,True,1.0,1.0,0.0,0.0,1.0,1.0,1,True
Chart,8,23,1,13.67,True,True,0.0,0.35294117647058826,-0.35294117647058826,-0.35294117647058826,0.0,0.35294117647058826,0,True
Compress,3,82,1,6.34,False,True,,,,,,,1,False
Closure,5,314,1,909.86,False,False,,,,,,,1,False
Compress,13,103,2,58.11,True,True,1.0,0.023809523809523808,0.9761904761904762,1.0,1.0,0.0,1,False
Collections,14,45,1,6.97,True,True,0.0,0.058823529411764705,-0.058823529411764705,-0.058823529411764705,0.0,0.058823529411764705,0,True
Time,27,739,1,1450.26,False,False,,,,,,,1,False
JxPath,16,349,4,984.32,True,True,0.5,0.25,0.25,0.25,0.5,0.25,1,False
Math,78,118,1,418.42,False,False,,,,,,,1,False
Math,29,78,3,25.01,True,True,1.0,0.2857142857142857,0.7142857142857143,0.7142857142857143,1.0,0.2857142857142857,1,False
Compress,34,166,1,26.79,False,False,,,,,,,1,False
Compress,41,348,2,343.34,True,True,1.0,0.01020408163265306,0.9897959183673469,1.0,1.0,0.0,1,False
Closure,127,336,6,1340.6,False,False,,,,,,,1,False
Jsoup,22,289,3,878.89,False,False,,,,,,,1,False
Closure,28,668,2,278.42,True,True,0.5,0.0,0.5,0.0,0.0,0.0,1,False
Jsoup,28,315,6,997.38,True,True,0.8,0.005063291139240506,0.7949367088607595,0.7949367088607595,0.8,0.005063291139240506,1,False
Jsoup,26,21,1,11.96,True,True,1.0,0.0,1.0,1.0,1.0,0.0,1,True
Lang,6,142,1,35.34,True,True,1.0,0.0,1.0,,,,1,True
Mockito,12,20,10,14.73,True,True,0.0,0.0,0.0,0.0,0.0,0.0,0,False
Cli,36,294,1,22.92,True,True,0.0,0.0,0.0,0.0,0.0,0.0,0,True
Collections,10,33,2,8.17,True,True,0.0,0.06666666666666667,-0.06666666666666667,-0.06666666666666667,0.0,0.06666666666666667,0,False
Math,34,24,1,14.13,True,True,0.0,0.5,-0.5,-0.5,0.0,0.5,0,True
Compress,5,101,1,62.01,False,False,,,,,,,1,False
Time,24,1038,7,849.87,True,True,1.0,0.0,1.0,1.0,1.0,0.0,1,False
Math,22,98,2,33.08,False,False,,,,,,,1,False
JacksonDatabind,74,373,1,122.5,False,False,,,,,,,1,False
Math,68,44,2,909.7,True,True,0.0,0.375,-0.375,-0.375,0.0,0.375,0,False
Compress,19,135,1,22.58,True,True,1.0,0.0,1.0,1.0,1.0,0.0,1,True
Lang,11,11,1,9.78,True,True,1.0,1.0,0.0,0.0,1.0,1.0,1,True
Math,95,23,1,7.81,True,True,1.0,0.0,1.0,1.0,1.0,0.0,1,True
Math,92,548,1,769.1,False,False,,,,,,,1,False
Jsoup,69,547,1,25.42,False,False,,,,,,,1,False
Closure,100,71,9,228.27,True,True,0.5555555555555556,0.27106227106227104,0.28449328449328454,0.28449328449328454,0.5555555555555556,0.27106227106227104,1,False
Gson,12,784,2,57.14,True,True,1.0,0.25,0.75,,,,1,False
Math,84,5,2,9.54,True,True,1.0,0.5,0.5,0.5,1.0,0.5,1,False
Math,32,23,1,51.22,False,False,,,,,,,1,False
Closure,15,333,1,1220.29,False,False,,,,,,,1,False
Codec,6,10,1,54.05,True,True,0.0,0.0,0.0,0.0,0.0,0.0,0,True
Chart,21,17,1,19.05,False,False,,,,,,,1,False
Jsoup,17,237,1,1079.7,True,True,1.0,0.21212121212121213,0.7878787878787878,0.7878787878787878,1.0,0.21212121212121213,1,True
Jsoup,47,411,1,295.12,True,True,1.0,0.3333333333333333,0.6666666666666667,0.6666666666666667,1.0,0.3333333333333333,1,True
Time,3,1307,5,49.87,True,True,1.0,0.25,0.75,0.75,1.0,0.25,1,False
JacksonCore,1,170,1,186.32,True,True,0.0,0.0,0.0,,,,0,True
Jsoup,73,5,1,9.84,False,False,,,,,,,1,False
Closure,99,75,3,247.08,True,True,1.0,0.11604938271604938,0.8839506172839506,0.8839506172839506,1.0,0.11604938271604938,1,False
Collections,23,53,2,5.92,True,True,1.0,0.0,1.0,1.0,1.0,0.0,1,False
Jsoup,25,295,1,208.41,True,True,0.0,0.0125,-0.0125,-0.0125,0.0,0.0125,0,True
Collections,1,53,4,26.64,False,False,,,,,,,1,False
Jsoup,34,359,2,985.25,True,True,1.0,0.25,0.75,0.75,1.0,0.25,1,False
Cli,34,360,2,79.19,True,True,1.0,0.0,1.0,1.0,1.0,0.0,1,False
Csv,1,49,1,18.38,True,True,1.0,0.09523809523809523,0.9047619047619048,0.9047619047619048,1.0,0.09523809523809523,1,True
Collections,27,101,1,10.62,True,True,1.0,0.0625,0.9375,0.9375,1.0,0.0625,1,True
JacksonCore,18,322,1,894.82,False,False,,,,,,,1,False
Compress,14,85,1,39.22,True,True,0.0,0.15,-0.15,,,,0,True
Mockito,30,979,1,62.7,True,True,0.0,0.0,0.0,0.0,0.0,0.0,0,True
Jsoup,42,392,2,16.2,False,False,,,,,,,1,False
Cli,32,47,2,44.45,False,False,,,,,,,1,False
Jsoup,37,371,1,244.16,True,True,1.0,0.5,0.5,0.5,1.0,0.5,1,True
Collections,11,62,1,8.93,True,True,1.0,0.125,0.875,0.875,1.0,0.125,1,True
Jsoup,2,129,1,251.72,True,True,1.0,0.30434782608695654,0.6956521739130435,0.6956521739130435,1.0,0.30434782608695654,1,True
Compress,7,61,1,17.53,True,True,1.0,1.0,0.0,0.0,1.0,1.0,1,True
Jsoup,43,415,2,479.76,True,True,0.0,0.3169761273209549,-0.3169761273209549,-0.3169761273209549,0.0,0.3169761273209549,0,False
Chart,23,5,1,13.52,False,False,,,,,,,1,False
Math,72,215,1,364.52,False,False,,,,,,,1,False
Math,46,199,2,821.58,True,True,0.0,0.29708404802744426,-0.29708404802744426,-0.29708404802744426,0.0,0.29708404802744426,0,False
Compress,30,93,1,1106.0,False,False,,,,,,,1,False
Cli,39,18,2,2.67,True,True,0.5,0.6666666666666666,-0.16666666666666663,-0.16666666666666663,0.5,0.6666666666666666,1,False
JacksonCore,3,139,1,795.09,True,True,1.0,1.0,0.0,0.0,1.0,1.0,1,True
Collections,20,63,1,49.53,True,True,0.0,0.125,-0.125,-0.125,0.0,0.125,0,True
Math,28,26,1,40.5,True,True,1.0,0.08695652173913043,0.9130434782608696,0.9130434782608696,1.0,0.08695652173913043,1,True
Math,61,12,1,51.29,True,True,1.0,0.0,1.0,1.0,1.0,0.0,1,True
Jsoup,14,227,2,1252.67,False,False,,,,,,,1,False
Mockito,32,952,1,108.57,True,True,0.0,0.0,0.0,,,,0,True
Closure,111,2498,1,541.47,True,True,1.0,0.06666666666666667,0.9333333333333333,0.9333333333333333,1.0,0.06666666666666667,1,True
JacksonDatabind,110,219,1,41.31,True,True,1.0,1.0,0.0,0.0,1.0,1.0,1,True
Chart,22,51,6,18.58,True,True,1.0,0.0,1.0,1.0,1.0,0.0,1,False
Jsoup,79,601,1,107.21,True,True,0.0,0.0,0.0,0.0,0.0,0.0,0,True
Cli,33,48,1,45.61,True,True,0.0,0.4375,-0.4375,-0.4375,0.0,0.4375,0,True
Lang,26,93,1,161.15,True,True,1.0,0.3333333333333333,0.6666666666666667,0.6666666666666667,1.0,0.3333333333333333,1,True
Gson,2,728,1,167.14,True,True,1.0,0.0,1.0,1.0,1.0,0.0,1,True
JxPath,8,138,1,11.37,False,False,,,,,,,1,False
Lang,24,110,1,16.17,False,False,,,,,,,1,False
Lang,16,164,1,20.21,False,False,,,,,,,1,False
Lang,1,173,1,,True,True,1.0,0.5714285714285714,0.4285714285714286,0.4285714285714286,1.0,0.5714285714285714,1,True
Math,101,70,2,13.75,False,False,,,,,,,1,False
Compress,46,194,1,46.03,True,True,1.0,1.0,0.0,0.0,1.0,1.0,1,True
Time,4,770,1,229.88,True,True,0.0,0.1724137931034483,-0.1724137931034483,-0.1724137931034483,0.0,0.1724137931034483,0,True
Compress,38,146,1,518.33,True,True,1.0,0.0,1.0,1.0,1.0,0.0,1,True
Compress,4,83,10,102.0,True,True,1.0,0.2916666666666667,0.7083333333333333,,,,1,False
Lang,36,110,2,15.32,False,False,,,,,,,1,False
Lang,29,636,1,174.75,True,True,1.0,0.375,0.625,0.625,1.0,0.375,1,True
Closure,124,316,1,644.84,True,True,0.0,1.0,-1.0,-1.0,0.0,1.0,0,True
JacksonCore,15,14,1,24.06,True,True,1.0,0.14285714285714285,0.8571428571428572,0.8571428571428572,1.0,0.14285714285714285,1,True
JacksonCore,16,2,1,6.83,False,False,,,,,,,1,False
Collections,6,54,1,27.08,False,False,,,,,,,1,False
Closure,161,180,1,1380.62,True,True,1.0,0.3333333333333333,0.6666666666666667,0.6666666666666667,1.0,0.3333333333333333,1,True
Math,90,7,1,7.57,False,True,,,,,,,0,False
Lang,44,20,1,8.83,False,True,,,,,,,1,False
Lang,5,13,1,6.58,False,False,,,,,,,1,False
Closure,67,131,1,1097.12,True,True,1.0,0.18181818181818182,0.8181818181818181,0.8181818181818181,1.0,0.18181818181818182,1,True
Math,27,213,1,226.83,True,True,0.0,0.46153846153846156,-0.46153846153846156,-0.46153846153846156,0.0,0.46153846153846156,0,True
Gson,3,667,2,59.94,True,True,1.0,0.02857142857142857,0.9714285714285714,0.9714285714285714,1.0,0.02857142857142857,1,False
Chart,20,296,1,16.78,True,True,1.0,1.0,0.0,0.0,1.0,1.0,1,True
Math,44,164,1,218.76,True,True,1.0,0.007352941176470588,0.9926470588235294,,,,1,True
Gson,11,781,1,176.16,True,True,0.0,0.010638297872340425,-0.010638297872340425,-0.010638297872340425,0.0,0.010638297872340425,0,True
Compress,36,120,1,570.55,False,False,,,,,,,1,False
Csv,2,67,1,4.68,True,True,0.0,0.2,-0.2,-0.2,0.0,0.2,0,True
Jsoup,13,227,4,528.15,False,False,,,,,,,1,False
JacksonCore,22,20,12,36.79,True,True,1.0,0.0,1.0,1.0,1.0,0.0,1,False
Math,45,460,1,38.77,False,False,,,,,,,1,False
Jsoup,50,159,1,60.91,False,False,,,,,,,1,False
Jsoup,36,26,6,18.09,True,True,1.0,0.25,0.75,0.75,1.0,0.25,1,False
Collections,24,126,2,4.94,True,True,0.0,0.0,0.0,0.0,0.0,0.0,0,False
Compress,35,157,1,672.23,True,True,0.0,0.0,0.0,0.0,0.0,0.0,0,True
Chart,7,16,1,15.83,True,True,1.0,0.6666666666666666,0.33333333333333337,0.33333333333333337,1.0,0.6666666666666666,1,True
Math,105,9,1,8.18,True,True,1.0,0.0,1.0,1.0,1.0,0.0,1,True
Math,47,199,2,775.38,True,True,0.5,0.6792452830188679,-0.17924528301886788,-0.17924528301886788,0.5,0.6792452830188679,1,False
Jsoup,31,314,1,685.72,False,False,,,,,,,1,False
Lang,28,20,1,13.14,False,False,,,,,,,1,False
Compress,17,102,1,67.85,True,True,1.0,0.3333333333333333,0.6666666666666667,0.6666666666666667,1.0,0.3333333333333333,1,True
Collections,22,258,1,19.05,True,True,0.0,0.25,-0.25,-0.25,0.0,0.25,0,True
Math,94,547,1,409.38,True,True,1.0,1.0,0.0,0.0,1.0,1.0,1,True
Jsoup,41,397,1,450.34,True,True,1.0,0.5454545454545454,0.4545454545454546,0.4545454545454546,1.0,0.5454545454545454,1,True
Csv,11,168,1,36.42,True,True,1.0,0.1111111111111111,0.8888888888888888,0.8888888888888888,1.0,0.1111111111111111,1,True
JacksonCore,4,199,1,164.26,False,False,,,,,,,1,False
Math,75,8,1,8.88,True,True,0.0,0.0,0.0,0.0,0.0,0.0,0,True
Math,23,17,1,45.62,True,True,0.0,0.2222222222222222,-0.2222222222222222,-0.2222222222222222,0.0,0.2222222222222222,0,True
Jsoup,74,565,1,1006.14,False,False,,,,,,,1,False
Gson,15,838,1,606.59,True,True,1.0,0.3055555555555556,0.6944444444444444,0.6944444444444444,1.0,0.3055555555555556,1,True
JacksonCore,8,213,1,182.89,True,True,1.0,1.0,0.0,0.0,1.0,1.0,1,True
Lang,53,31,1,12.43,False,True,,,,,,,0,False
Math,62,2,1,21.85,False,True,,,,,,,1,False
Time,1,4011,1,732.72,False,False,,,,,,,1,False
Lang,56,33,1,83.23,False,False,,,,,,,1,False
Math,26,213,1,226.29,False,False,,,,,,,1,False
Math,52,28,1,785.17,True,True,1.0,0.0,1.0,,,,1,True
Mockito,31,780,1,44.62,True,True,0.0,0.5,-0.5,-0.5,0.0,0.5,0,True
JacksonDatabind,28,164,1,24.39,False,False,,,,,,,1,False
Collections,13,17,1,8.37,False,False,,,,,,,1,False
Mockito,25,1026,6,69.65,True,True,0.6666666666666666,0.0,0.6666666666666666,0.6666666666666666,0.6666666666666666,0.0,1,False
Codec,16,31,1,238.36,True,True,1.0,0.3333333333333333,0.6666666666666667,0.6666666666666667,1.0,0.3333333333333333,1,True
JacksonXml,1,134,3,646.31,True,True,1.0,0.06557377049180328,0.9344262295081968,,,,1,False
Math,60,26,1,132.12,False,False,,,,,,,1,False
Time,10,371,2,26.22,True,True,0.0,0.0,0.0,0.0,0.0,0.0,0,False
Collections,9,15,1,8.48,False,False,,,,,,,1,False
Mockito,15,23,1,17.5,True,True,1.0,0.0,1.0,1.0,1.0,0.0,1,True
Math,93,547,1,569.93,True,True,1.0,0.4583333333333333,0.5416666666666667,0.5416666666666667,1.0,0.4583333333333333,1,True
Math,2,16,1,31.99,True,True,0.0,0.5,-0.5,-0.5,0.0,0.5,0,True
Lang,13,208,1,16.32,False,False,,,,,,,1,False
Mockito,29,58,1,11.67,True,True,1.0,0.3333333333333333,0.6666666666666667,,,,1,True
Compress,37,341,1,498.88,False,False,,,,,,,1,False
Lang,38,59,1,154.28,False,False,,,,,,,1,False
Math,50,36,1,263.75,True,True,0.0,0.16666666666666666,-0.16666666666666666,-0.16666666666666666,0.0,0.16666666666666666,0,True
Jsoup,29,302,1,27.47,False,False,,,,,,,1,False
Gson,9,789,1,763.7,True,True,0.0,0.3235294117647059,-0.3235294117647059,-0.3235294117647059,0.0,0.3235294117647059,0,True
Jsoup,27,19,2,9.52,False,False,,,,,,,1,False
