project,bug_id,coupled,n_tests,n_triggers_mapped
Collections,26,0,74,1
Jsoup,38,1,350,1
Lang,60,1,185,1
JacksonDatabind,39,1,235,1
JacksonCore,20,1,384,2
Csv,5,1,138,1
Jsoup,12,1,174,1
Jsoup,81,1,228,1
Math,43,1,78,6
Math,57,1,4,1
Lang,39,1,523,1
Compress,22,1,55,1
Math,74,0,56,1
Math,91,1,62,1
Jsoup,85,1,623,1
Jsoup,23,1,279,1
Math,102,1,30,6
Jsoup,78,0,223,1
Chart,17,0,60,1
Chart,18,1,327,4
Jsoup,44,1,410,1
Csv,8,1,184,1
Math,21,1,24,2
Lang,27,1,110,1
Jsoup,46,1,408,1
Codec,10,1,13,1
Cli,15,1,361,2
Compress,39,1,177,1
Math,12,0,705,3
Jsoup,20,1,19,1
Math,40,1,90,1
Codec,13,1,245,2
Mockito,37,1,303,2
Math,99,1,561,2
Math,33,0,28,1
Chart,13,1,195,1
Math,82,1,14,1
JacksonCore,2,1,184,2
Collections,15,1,69,1
Closure,101,1,21,1
Math,5,1,274,1
JacksonCore,13,1,311,1
Closure,74,1,170,3
Math,9,1,35,1
Time,11,0,8,1
Math,70,0,16,1
Lang,40,0,516,1
Gson,1,1,449,1
JacksonXml,2,1,108,1
Cli,3,1,1,1
JacksonCore,17,1,318,1
JacksonCore,26,1,562,1
Gson,8,1,442,2
Closure,83,1,53,1
Lang,12,1,10,2
Math,77,1,346,2
Jsoup,49,0,434,1
Csv,6,1,117,1
Lang,43,1,7,1
Math,67,1,2,1
JacksonDatabind,51,1,341,1
JacksonXml,6,1,179,5
Math,49,1,35,1
Chart,3,1,86,1
Csv,7,1,156,1
Math,65,1,77,1
Lang,51,1,190,1
Math,69,1,17,2
JacksonDatabind,29,1,33,1
Lang,3,1,172,1
Jsoup,21,0,245,2
Collections,3,0,138,1
Csv,4,1,134,1
Closure,55,1,96,1
Closure,29,1,291,5
Math,104,1,134,1
Lang,65,1,30,1
JacksonXml,5,0,163,1
Jsoup,77,0,587,1
Lang,23,1,8,1
Jsoup,11,1,172,4
Closure,76,1,107,4
Jsoup,75,0,588,1
Closure,87,1,112,1
Collections,12,1,16,1
Jsoup,86,0,610,1
Math,41,0,236,1
Math,76,1,17,2
Math,24,1,16,1
Codec,5,1,83,2
Math,100,0,48,1
Math,64,0,57,2
Compress,23,1,25,1
Closure,136,1,101,4
Csv,12,0,193,1
Jsoup,3,1,146,3
Chart,6,1,486,2
Chart,12,1,201,1
Math,73,1,215,1
Closure,147,1,101,3
Jsoup,32,1,330,1
Closure,170,1,376,1
Compress,26,1,264,2
JxPath,11,1,88,2
JxPath,7,1,137,1
JacksonDatabind,88,1,247,1
Lang,4,0,137,1
Closure,105,1,106,1
Collections,28,1,164,1
Chart,25,1,9,4
Lang,35,1,795,1
JacksonXml,3,1,136,1
Closure,12,1,351,1
JacksonCore,24,1,557,8
Lang,55,1,6,1
Codec,15,1,32,1
Math,3,1,2257,1
JxPath,10,0,139,1
Lang,32,1,45,1
Csv,15,0,278,1
Chart,24,1,15,1
Jsoup,15,1,232,1
Compress,15,1,104,1
JacksonCore,11,1,297,1
JxPath,14,1,276,1
Jsoup,7,1,184,1
Closure,53,1,116,1
Cli,35,1,404,1
JxPath,4,1,315,6
Chart,11,1,543,1
Math,103,1,20,1
Codec,8,0,86,1
Jsoup,35,1,343,1
Jsoup,82,1,233,1
Lang,41,1,241,2
Codec,7,1,85,2
Closure,151,1,39,1
JxPath,12,1,331,1
JacksonDatabind,107,1,475,1
Cli,40,0,35,1
Lang,21,1,116,1
Closure,78,1,156,1
Math,98,0,133,2
Lang,47,1,206,2
Lang,10,1,163,2
Compress,21,1,15,8
Lang,57,1,11,11
Chart,2,1,555,2
Csv,3,1,81,3
Time,16,1,2596,7
Cli,7,1,1,1
Math,83,1,17,1
Lang,52,1,74,1
JacksonDatabind,49,0,45,1
Time,7,0,2703,2
Jsoup,80,1,593,1
Math,37,1,296,4
Compress,40,1,50,2
Math,25,1,7,1
Math,86,1,12,2
Closure,58,1,177,1
Compress,10,0,35,1
Closure,97,1,82,1
Lang,49,1,25,1
Math,14,0,92,1
Compress,32,1,332,1
Compress,24,1,123,1
Math,58,1,8,1
JacksonCore,7,1,117,2
Lang,14,1,834,1
Collections,7,1,14,3
Lang,8,1,154,2
Collections,16,1,70,1
Math,4,1,52,2
Chart,9,1,64,1
Jsoup,16,1,239,2
Lang,54,1,12,1
JxPath,19,1,361,2
Compress,42,1,186,1
Jsoup,40,1,359,2
Lang,15,1,10,2
Math,30,0,3,1
Lang,33,1,255,1
Math,31,0,317,2
Closure,91,1,96,1
Compress,45,1,163,1
Math,1,1,313,2
Gson,17,1,590,2
JxPath,1,1,296,2
Closure,23,1,372,1
Codec,18,1,383,2
Lang,58,1,256,1
Jsoup,30,1,22,1
Csv,13,1,219,2
JxPath,2,0,297,1
Cli,37,0,65,1
Math,35,1,12,4
JacksonCore,14,1,311,1
Cli,31,0,353,1
Chart,5,1,292,1
Codec,9,1,87,1
Jsoup,19,1,17,1
Compress,27,1,127,1
Csv,16,0,156,1
Lang,31,1,571,2
Jsoup,88,0,629,1
JacksonCore,10,1,292,4
Jsoup,93,1,639,1
Codec,3,1,21,1
Lang,34,1,344,27
Time,5,0,1950,3
Lang,9,1,165,2
Math,11,0,10,1
JxPath,22,0,372,1
JxPath,17,1,97,2
Closure,143,1,91,3
Closure,88,1,92,7
Codec,2,1,50,2
Chart,16,1,25,8
Time,2,1,4011,1
Lang,59,1,186,1
Jsoup,39,1,38,1
JxPath,9,1,329,1
Collections,25,1,287,1
Math,97,1,130,1
JxPath,18,1,350,2
Math,51,1,36,1
Math,56,1,5,1
Math,36,1,94,2
Jsoup,18,1,243,3
Math,66,1,10,4
Csv,10,1,149,1
Math,55,1,88,1
Codec,12,1,35,12
Jsoup,5,1,168,1
Math,89,0,7,1
Codec,4,0,72,2
Cli,38,1,66,1
JacksonCore,6,1,5,1
Lang,45,1,82,1
Compress,2,1,53,1
Math,13,0,88,1
Cli,13,0,427,1
JxPath,3,1,301,1
Jsoup,52,1,445,7
JacksonCore,23,0,557,1
Math,87,0,16,1
JxPath,6,0,327,1
Lang,20,1,585,2
Compress,31,1,153,2
Codec,17,0,380,1
Gson,6,1,684,2
Math,106,1,16,1
Math,85,1,93,1
Closure,107,1,115,1
Lang,37,1,657,1
Closure,8,1,282,1
JxPath,21,1,348,2
Gson,5,1,9,1
Collections,21,0,75,1
Lang,63,1,16,1
Codec,11,1,33,5
Collections,18,1,66,1
Lang,46,1,87,1
JacksonDatabind,18,1,26,3
Gson,10,0,690,1
Lang,17,0,45,1
Math,88,0,15,1
Jsoup,48,1,26,1
Codec,14,1,47,1
Jsoup,10,1,189,1
JacksonCore,21,1,16,3
Collections,5,1,68,1
Math,53,1,179,1
Lang,61,1,184,2
Closure,85,0,77,2
Time,12,1,1674,8
Closure,9,1,117,1
Jsoup,8,1,185,1
Jsoup,84,1,6,1
Time,22,0,1875,2
JxPath,13,0,332,1
Jsoup,89,1,630,1
Mockito,38,1,102,2
Jsoup,33,1,356,1
JxPath,5,1,324,1
Lang,7,1,166,1
JacksonCore,5,0,4,1
Compress,8,1,63,1
Math,8,1,22,1
Collections,4,1,23,3
Mockito,28,1,28,1
Closure,50,1,101,2
Closure,72,1,420,1
Csv,14,0,245,6
Lang,19,1,32,2
Jsoup,54,1,4,1
Closure,148,1,92,6
Jsoup,53,1,409,1
Codec,1,0,90,5
Compress,33,1,42,1
Lang,30,1,582,10
Collections,19,1,74,1
Collections,8,1,111,1
Collections,2,1,10,1
JacksonDatabind,98,1,52,1
Csv,9,1,119,1
Jsoup,24,1,275,1
Compress,1,1,26,1
JacksonDatabind,35,1,277,1
Compress,6,1,80,1
JxPath,15,1,341,2
Math,48,1,36,1
JxPath,20,1,140,1
Math,42,1,27,1
Math,96,0,171,1
Lang,50,1,35,2
Collections,17,0,197,1
Lang,22,1,25,2
JacksonXml,4,1,138,1
Jsoup,45,1,414,1
Jsoup,1,0,129,1
Closure,163,1,403,3
Closure,46,1,2095,3
Closure,126,1,318,2
Chart,1,1,436,1
Chart,8,0,23,1
Compress,3,1,82,1
Closure,5,1,314,1
Compress,13,1,103,2
Collections,14,0,45,1
Time,27,1,739,1
JxPath,16,1,349,4
Math,78,1,118,1
Math,29,1,78,3
Compress,34,1,166,1
Compress,41,1,348,2
Closure,127,1,336,6
Jsoup,22,1,289,3
Closure,28,1,668,2
Jsoup,28,1,315,6
Jsoup,26,1,21,1
Lang,6,1,142,1
Mockito,12,0,20,10
Cli,36,0,294,1
Collections,10,0,33,2
Math,34,0,24,1
Compress,5,1,101,1
Time,24,1,1038,7
Math,22,1,98,2
JacksonDatabind,74,1,373,1
Math,68,0,44,2
Compress,19,1,135,1
Lang,11,1,11,1
Math,95,1,23,1
Math,92,1,548,1
Jsoup,69,1,547,1
Closure,100,1,71,9
Gson,12,1,784,2
Math,84,1,5,2
Math,32,1,23,1
Closure,15,1,333,1
Codec,6,0,10,1
Chart,21,1,17,1
Jsoup,17,1,237,1
Jsoup,47,1,411,1
Time,3,1,1307,5
JacksonCore,1,0,170,1
Jsoup,73,1,5,1
Closure,99,1,75,3
Collections,23,1,53,2
Jsoup,25,0,295,1
Collections,1,1,53,4
Jsoup,34,1,359,2
Cli,34,1,360,2
Csv,1,1,49,1
Collections,27,1,101,1
JacksonCore,18,1,322,1
Compress,14,0,85,1
Mockito,30,0,979,1
Jsoup,42,1,392,2
Cli,32,1,47,2
Jsoup,37,1,371,1
Collections,11,1,62,1
Jsoup,2,1,129,1
Compress,7,1,61,1
Jsoup,43,0,415,2
Chart,23,1,5,1
Math,72,1,215,1
Math,46,0,199,2
Compress,30,1,93,1
Cli,39,1,18,2
JacksonCore,3,1,139,1
Collections,20,0,63,1
Math,28,1,26,1
Math,61,1,12,1
Jsoup,14,1,227,2
Mockito,32,0,952,1
Closure,111,1,2498,1
JacksonDatabind,110,1,219,1
Chart,22,1,51,6
Jsoup,79,0,601,1
Cli,33,0,48,1
Lang,26,1,93,1
Gson,2,1,728,1
JxPath,8,1,138,1
Lang,24,1,110,1
Lang,16,1,164,1
Lang,1,1,173,1
Math,101,1,70,2
Compress,46,1,194,1
Time,4,0,770,1
Compress,38,1,146,1
Compress,4,1,83,10
Lang,36,1,110,2
Lang,29,1,636,1
Closure,124,0,316,1
JacksonCore,15,1,14,1
JacksonCore,16,1,2,1
Collections,6,1,54,1
Closure,161,1,180,1
Math,90,0,7,1
Lang,44,1,20,1
Lang,5,1,13,1
Closure,67,1,131,1
Math,27,0,213,1
Gson,3,1,667,2
Chart,20,1,296,1
Math,44,1,164,1
Gson,11,0,781,1
Compress,36,1,120,1
Csv,2,0,67,1
Jsoup,13,1,227,4
JacksonCore,22,1,20,12
Math,45,1,460,1
Jsoup,50,1,159,1
Jsoup,36,1,26,6
Collections,24,0,126,2
Compress,35,0,157,1
Chart,7,1,16,1
Math,105,1,9,1
Math,47,1,199,2
Jsoup,31,1,314,1
Lang,28,1,20,1
Compress,17,1,102,1
Collections,22,0,258,1
Math,94,1,547,1
Jsoup,41,1,397,1
Csv,11,1,168,1
JacksonCore,4,1,199,1
Math,75,0,8,1
Math,23,0,17,1
Jsoup,74,1,565,1
Gson,15,1,838,1
JacksonCore,8,1,213,1
Lang,53,0,31,1
Math,62,1,2,1
Time,1,1,4011,1
Lang,56,1,33,1
Math,26,1,213,1
Math,52,1,28,1
Mockito,31,0,780,1
JacksonDatabind,28,1,164,1
Collections,13,1,17,1
Mockito,25,1,1026,6
Codec,16,1,31,1
JacksonXml,1,1,134,3
Math,60,1,26,1
Time,10,0,371,2
Collections,9,1,15,1
Mockito,15,1,23,1
Math,93,1,547,1
Math,2,0,16,1
Lang,13,1,208,1
Mockito,29,1,58,1
Compress,37,1,341,1
Lang,38,1,59,1
Math,50,0,36,1
Jsoup,29,1,302,1
Gson,9,0,789,1
Jsoup,27,1,19,2
