project,bug_id,category,return_code,before_outcome
JacksonDatabind,66,MUTATION_TEST_FAIL,1,YES
Compress,43,MUTATION_TEST_FAIL,1,YES
Closure,59,RESOURCE_EXHAUSTION_OOM,1,YES
Cli,5,MUTATION_TEST_FAIL,1,YES
JacksonDatabind,86,MUTATION_TEST_FAIL,1,YES
Closure,172,RESOURCE_EXHAUSTION_OOM,1,YES
Closure,70,RESOURCE_EXHAUSTION_OOM,1,YES
Mockito,3,MAJOR_MUTATE_FAILURE,1,YES
Jsoup,57,MUTATION_TEST_FAIL,1,YES
Cli,21,MUTATION_TEST_FAIL,1,YES
JacksonDatabind,97,MUTATION_TEST_FAIL,1,YES
JacksonDatabind,67,MUTATION_TEST_FAIL,1,YES
JacksonDatabind,83,MUTATION_TEST_FAIL,1,YES
Closure,164,RESOURCE_EXHAUSTION_OOM,1,YES
JacksonDatabind,111,MUTATION_TEST_FAIL,1,YES
JacksonDatabind,3,MUTATION_TEST_FAIL,1,YES
JacksonDatabind,11,MUTATION_TEST_FAIL,1,YES
Closure,43,RESOURCE_EXHAUSTION_OOM,1,YES
JacksonDatabind,99,MUTATION_TEST_FAIL,1,YES
Closure,145,RESOURCE_EXHAUSTION_OOM,1,YES
Closure,68,RESOURCE_EXHAUSTION_OOM,1,YES
Closure,104,RESOURCE_EXHAUSTION_OOM,1,YES
Mockito,7,MAJOR_MUTATE_FAILURE,1,YES
Closure,165,RESOURCE_EXHAUSTION_OOM,1,YES
Cli,10,MUTATION_TEST_FAIL,1,YES
Cli,27,MUTATION_TEST_FAIL,1,YES
Closure,17,RESOURCE_EXHAUSTION_OOM,1,YES
Closure,19,RESOURCE_EXHAUSTION_OOM,1,YES
Closure,129,RESOURCE_EXHAUSTION_OOM,1,YES
Closure,133,RESOURCE_EXHAUSTION_OOM,1,YES
Mockito,22,MUTATION_TEST_FAIL,1,YES
Jsoup,65,MUTATION_TEST_FAIL,1,YES
Closure,80,RESOURCE_EXHAUSTION_OOM,1,YES
Closure,73,RESOURCE_EXHAUSTION_OOM,1,YES
Closure,125,RESOURCE_EXHAUSTION_OOM,1,YES
Cli,22,MUTATION_TEST_FAIL,1,YES
JacksonDatabind,100,MUTATION_TEST_FAIL,1,YES
JacksonDatabind,59,MUTATION_TEST_FAIL,1,YES
Closure,81,RESOURCE_EXHAUSTION_OOM,1,YES
JacksonDatabind,82,MUTATION_TEST_FAIL,1,YES
JacksonDatabind,72,MUTATION_TEST_FAIL,1,YES
JacksonDatabind,92,MUTATION_TEST_FAIL,1,YES
JacksonDatabind,112,MUTATION_TEST_FAIL,1,YES
JacksonDatabind,60,MUTATION_TEST_FAIL,1,YES
JacksonDatabind,69,MUTATION_TEST_FAIL,1,YES
Closure,6,RESOURCE_EXHAUSTION_OOM,1,YES
JacksonDatabind,31,MUTATION_TEST_FAIL,1,YES
Closure,38,RESOURCE_EXHAUSTION_OOM,1,YES
Closure,32,RESOURCE_EXHAUSTION_OOM,1,YES
JacksonDatabind,58,MUTATION_TEST_FAIL,1,YES
Closure,77,RESOURCE_EXHAUSTION_OOM,1,YES
Time,23,MUTATION_TEST_FAIL,1,YES
JacksonDatabind,62,MUTATION_TEST_FAIL,1,YES
Time,25,MUTATION_TEST_FAIL,1,YES
JacksonDatabind,70,MUTATION_TEST_FAIL,1,YES
Closure,64,RESOURCE_EXHAUSTION_OOM,1,YES
JacksonDatabind,44,MUTATION_TEST_FAIL,1,YES
Closure,79,RESOURCE_EXHAUSTION_OOM,1,YES
JacksonDatabind,101,MUTATION_TEST_FAIL,1,YES
Closure,66,RESOURCE_EXHAUSTION_OOM,1,YES
Mockito,20,MAJOR_MUTATE_FAILURE,1,YES
JacksonDatabind,78,MUTATION_TEST_FAIL,1,YES
Mockito,27,MUTATION_TEST_FAIL,1,YES
JacksonDatabind,22,MUTATION_TEST_FAIL,1,YES
Closure,146,RESOURCE_EXHAUSTION_OOM,1,YES
Time,19,MUTATION_TEST_FAIL,1,YES
Cli,25,MUTATION_TEST_FAIL,1,YES
JacksonDatabind,9,MUTATION_TEST_FAIL,1,YES
JacksonDatabind,30,MUTATION_TEST_FAIL,1,YES
Cli,29,MUTATION_TEST_FAIL,1,YES
JacksonDatabind,38,MUTATION_TEST_FAIL,1,YES
Closure,118,RESOURCE_EXHAUSTION_OOM,1,YES
JacksonDatabind,85,MUTATION_TEST_FAIL,1,YES
JacksonDatabind,63,MUTATION_TEST_FAIL,1,YES
Closure,47,RESOURCE_EXHAUSTION_OOM,1,YES
Lang,64,MUTATION_TEST_FAIL,,YES
Mockito,13,MUTATION_TEST_FAIL,1,YES
JacksonDatabind,87,MUTATION_TEST_FAIL,1,YES
Closure,86,RESOURCE_EXHAUSTION_OOM,1,YES
Closure,82,RESOURCE_EXHAUSTION_OOM,1,YES
Closure,44,RESOURCE_EXHAUSTION_OOM,1,YES
Jsoup,60,MUTATION_TEST_FAIL,1,YES
Closure,131,RESOURCE_EXHAUSTION_OOM,1,YES
Mockito,4,MAJOR_MUTATE_FAILURE,1,YES
Closure,174,RESOURCE_EXHAUSTION_OOM,1,YES
JacksonDatabind,64,MUTATION_TEST_FAIL,1,YES
JacksonDatabind,96,MUTATION_TEST_FAIL,1,YES
JacksonDatabind,56,MUTATION_TEST_FAIL,1,YES
Mockito,8,MAJOR_MUTATE_FAILURE,1,YES
Closure,18,RESOURCE_EXHAUSTION_OOM,1,YES
JacksonDatabind,6,MUTATION_TEST_FAIL,1,YES
Lang,42,MUTATION_TEST_FAIL,,YES
JacksonDatabind,104,MUTATION_TEST_FAIL,1,YES
Mockito,1,MAJOR_MUTATE_FAILURE,1,YES
JacksonDatabind,45,MUTATION_TEST_FAIL,1,YES
Closure,141,RESOURCE_EXHAUSTION_OOM,1,YES
JacksonDatabind,79,MUTATION_TEST_FAIL,1,YES
Closure,61,RESOURCE_EXHAUSTION_OOM,1,YES
Closure,69,RESOURCE_EXHAUSTION_OOM,1,YES
Mockito,6,MAJOR_MUTATE_FAILURE,255,YES
Closure,42,RESOURCE_EXHAUSTION_OOM,1,YES
JacksonDatabind,34,MUTATION_TEST_FAIL,1,YES
JacksonDatabind,76,MUTATION_TEST_FAIL,1,YES
Mockito,19,MAJOR_MUTATE_FAILURE,1,YES
JacksonDatabind,32,MUTATION_TEST_FAIL,1,YES
Chart,10,MAJOR_MUTATE_FAILURE,255,YES
JacksonDatabind,102,MUTATION_TEST_FAIL,1,YES
Closure,11,RESOURCE_EXHAUSTION_OOM,1,YES
Cli,1,MUTATION_TEST_FAIL,1,YES
JacksonDatabind,68,MUTATION_TEST_FAIL,1,YES
Closure,155,RESOURCE_EXHAUSTION_OOM,1,YES
JacksonDatabind,40,MUTATION_TEST_FAIL,1,YES
Mockito,34,MUTATION_TEST_FAIL,1,YES
Closure,167,RESOURCE_EXHAUSTION_OOM,1,YES
Time,20,MUTATION_TEST_FAIL,1,YES
Mockito,23,MUTATION_TEST_FAIL,1,YES
JacksonDatabind,4,MUTATION_TEST_FAIL,1,YES
Cli,8,MUTATION_TEST_FAIL,1,YES
Closure,22,RESOURCE_EXHAUSTION_OOM,1,YES
Closure,94,RESOURCE_EXHAUSTION_OOM,1,YES
Closure,140,RESOURCE_EXHAUSTION_OOM,1,YES
Jsoup,63,MUTATION_TEST_FAIL,1,YES
JacksonDatabind,106,MUTATION_TEST_FAIL,1,YES
JacksonDatabind,25,MUTATION_TEST_FAIL,1,YES
Closure,52,RESOURCE_EXHAUSTION_OOM,1,YES
Closure,166,RESOURCE_EXHAUSTION_OOM,1,YES
Cli,16,MUTATION_TEST_FAIL,1,YES
Closure,96,RESOURCE_EXHAUSTION_OOM,1,YES
JacksonDatabind,17,MUTATION_TEST_FAIL,1,YES
Closure,153,RESOURCE_EXHAUSTION_OOM,1,YES
Closure,120,RESOURCE_EXHAUSTION_OOM,1,YES
Cli,20,MUTATION_TEST_FAIL,1,YES
Closure,162,RESOURCE_EXHAUSTION_OOM,1,YES
JacksonDatabind,105,MUTATION_TEST_FAIL,1,YES
Cli,28,MUTATION_TEST_FAIL,1,YES
JacksonDatabind,84,MUTATION_TEST_FAIL,1,YES
JacksonDatabind,8,MUTATION_TEST_FAIL,1,YES
Jsoup,59,MUTATION_TEST_FAIL,1,YES
Closure,41,RESOURCE_EXHAUSTION_OOM,1,YES
Closure,57,RESOURCE_EXHAUSTION_OOM,1,YES
JacksonDatabind,7,MUTATION_TEST_FAIL,1,YES
Mockito,36,MUTATION_TEST_FAIL,1,YES
Mockito,14,MUTATION_TEST_FAIL,1,YES
JacksonDatabind,91,MUTATION_TEST_FAIL,1,YES
Closure,75,RESOURCE_EXHAUSTION_OOM,1,YES
Closure,157,RESOURCE_EXHAUSTION_OOM,1,YES
Cli,18,MUTATION_TEST_FAIL,1,YES
JacksonDatabind,61,MUTATION_TEST_FAIL,1,YES
JacksonDatabind,42,MUTATION_TEST_FAIL,1,YES
Closure,62,RESOURCE_EXHAUSTION_OOM,1,YES
Closure,26,RESOURCE_EXHAUSTION_OOM,1,YES
Closure,56,RESOURCE_EXHAUSTION_OOM,1,YES
Closure,144,RESOURCE_EXHAUSTION_OOM,1,YES
Mockito,17,MUTATION_TEST_FAIL,1,YES
JacksonDatabind,48,MUTATION_TEST_FAIL,1,YES
JacksonDatabind,93,MUTATION_TEST_FAIL,1,YES
Closure,48,RESOURCE_EXHAUSTION_OOM,1,YES
Compress,44,MUTATION_TEST_FAIL,1,YES
JacksonDatabind,10,MUTATION_TEST_FAIL,1,YES
JacksonDatabind,103,MUTATION_TEST_FAIL,1,YES
Closure,160,RESOURCE_EXHAUSTION_OOM,1,YES
JacksonDatabind,27,MUTATION_TEST_FAIL,1,YES
JacksonDatabind,75,MUTATION_TEST_FAIL,1,YES
Cli,14,MUTATION_TEST_FAIL,1,YES
Mockito,24,MUTATION_TEST_FAIL,1,YES
Closure,149,RESOURCE_EXHAUSTION_OOM,1,YES
Cli,2,MUTATION_TEST_FAIL,1,YES
Closure,128,MUTATION_TEST_FAIL,1,YES
Jsoup,58,MUTATION_TEST_FAIL,1,YES
Cli,19,MUTATION_TEST_FAIL,1,YES
Gson,18,COMPILE_FAILURE_DURING_MUTATION,1,YES
JacksonDatabind,73,MUTATION_TEST_FAIL,1,YES
JacksonDatabind,50,MUTATION_TEST_FAIL,1,YES
Closure,4,RESOURCE_EXHAUSTION_OOM,1,YES
JacksonDatabind,54,MUTATION_TEST_FAIL,1,YES
JacksonDatabind,15,MUTATION_TEST_FAIL,1,YES
Closure,33,RESOURCE_EXHAUSTION_OOM,1,YES
JacksonDatabind,14,MUTATION_TEST_FAIL,1,YES
JacksonDatabind,23,MUTATION_TEST_FAIL,1,YES
JacksonDatabind,47,MUTATION_TEST_FAIL,1,YES
JacksonDatabind,55,MUTATION_TEST_FAIL,1,YES
Closure,158,RESOURCE_EXHAUSTION_OOM,1,YES
Closure,54,RESOURCE_EXHAUSTION_OOM,1,YES
Jsoup,64,MUTATION_TEST_FAIL,1,YES
Gson,14,COMPILE_FAILURE_DURING_MUTATION,1,YES
Closure,117,RESOURCE_EXHAUSTION_OOM,1,YES
JacksonDatabind,109,MUTATION_TEST_FAIL,1,YES
Cli,17,MUTATION_TEST_FAIL,1,YES
Mockito,26,MUTATION_TEST_FAIL,1,YES
JacksonDatabind,1,MUTATION_TEST_FAIL,1,YES
Cli,30,MUTATION_TEST_FAIL,1,YES
Mockito,16,MUTATION_TEST_FAIL,1,YES
Mockito,5,MAJOR_MUTATE_FAILURE,1,YES
Closure,109,RESOURCE_EXHAUSTION_OOM,1,YES
JacksonDatabind,108,MUTATION_TEST_FAIL,1,YES
Gson,16,COMPILE_FAILURE_DURING_MUTATION,1,YES
Lang,62,MUTATION_TEST_FAIL,,YES
Closure,65,RESOURCE_EXHAUSTION_OOM,1,YES
Closure,39,RESOURCE_EXHAUSTION_OOM,1,YES
Jsoup,66,MUTATION_TEST_FAIL,1,YES
JacksonDatabind,12,MUTATION_TEST_FAIL,1,YES
Jsoup,55,MUTATION_TEST_FAIL,1,YES
Closure,135,RESOURCE_EXHAUSTION_OOM,1,YES
Mockito,18,MAJOR_MUTATE_FAILURE,1,YES
JacksonDatabind,20,MUTATION_TEST_FAIL,1,YES
JacksonDatabind,19,MUTATION_TEST_FAIL,1,YES
Jsoup,56,MUTATION_TEST_FAIL,1,YES
Closure,169,RESOURCE_EXHAUSTION_OOM,1,YES
Mockito,35,MAJOR_MUTATE_FAILURE,255,YES
JacksonDatabind,94,MUTATION_TEST_FAIL,1,YES
JacksonDatabind,37,MUTATION_TEST_FAIL,1,YES
Cli,23,MUTATION_TEST_FAIL,1,YES
Mockito,2,MAJOR_MUTATE_FAILURE,1,YES
Closure,137,RESOURCE_EXHAUSTION_OOM,1,YES
Time,26,MUTATION_TEST_FAIL,1,YES
Cli,24,MUTATION_TEST_FAIL,1,YES
JacksonDatabind,33,MUTATION_TEST_FAIL,1,YES
Cli,26,MUTATION_TEST_FAIL,1,YES
JacksonDatabind,26,MUTATION_TEST_FAIL,1,YES
Closure,84,RESOURCE_EXHAUSTION_OOM,1,YES
JacksonDatabind,77,MUTATION_TEST_FAIL,1,YES
JacksonDatabind,53,MUTATION_TEST_FAIL,1,YES
JacksonDatabind,16,MUTATION_TEST_FAIL,1,YES
JacksonDatabind,36,MUTATION_TEST_FAIL,1,YES
JacksonDatabind,71,MUTATION_TEST_FAIL,1,YES
Closure,21,RESOURCE_EXHAUSTION_OOM,1,YES
Closure,10,RESOURCE_EXHAUSTION_OOM,1,YES
Closure,2,RESOURCE_EXHAUSTION_OOM,1,YES
JacksonDatabind,81,MUTATION_TEST_FAIL,1,YES
Closure,168,RESOURCE_EXHAUSTION_OOM,1,YES
Cli,11,MUTATION_TEST_FAIL,1,YES
JacksonDatabind,43,MUTATION_TEST_FAIL,1,YES
Closure,7,RESOURCE_EXHAUSTION_OOM,1,YES
Closure,31,RESOURCE_EXHAUSTION_OOM,1,YES
Closure,173,RESOURCE_EXHAUSTION_OOM,1,YES
Closure,71,RESOURCE_EXHAUSTION_OOM,1,YES
Closure,152,RESOURCE_EXHAUSTION_OOM,1,YES
JacksonDatabind,5,MUTATION_TEST_FAIL,1,YES
JacksonDatabind,80,MUTATION_TEST_FAIL,1,YES
JacksonDatabind,52,MUTATION_TEST_FAIL,1,YES
JacksonDatabind,21,MUTATION_TEST_FAIL,1,YES
JacksonDatabind,2,MUTATION_TEST_FAIL,1,YES
Closure,110,RESOURCE_EXHAUSTION_OOM,1,YES
JacksonDatabind,41,MUTATION_TEST_FAIL,1,YES
Closure,60,RESOURCE_EXHAUSTION_OOM,1,YES
Closure,171,RESOURCE_EXHAUSTION_OOM,1,YES
JacksonDatabind,90,MUTATION_TEST_FAIL,1,YES
Closure,34,RESOURCE_EXHAUSTION_OOM,1,YES
Jsoup,62,MUTATION_TEST_FAIL,1,YES
Closure,51,RESOURCE_EXHAUSTION_OOM,1,YES
Cli,4,MUTATION_TEST_FAIL,1,YES
Cli,9,MUTATION_TEST_FAIL,1,YES
Compress,47,MUTATION_TEST_FAIL,1,YES
JacksonDatabind,13,MUTATION_TEST_FAIL,1,YES
Closure,123,RESOURCE_EXHAUSTION_OOM,1,YES
Closure,154,RESOURCE_EXHAUSTION_OOM,1,YES
JacksonDatabind,95,MUTATION_TEST_FAIL,1,YES
Closure,122,RESOURCE_EXHAUSTION_OOM,1,YES
JacksonDatabind,24,MUTATION_TEST_FAIL,1,YES
Closure,27,RESOURCE_EXHAUSTION_OOM,1,YES
Cli,12,MUTATION_TEST_FAIL,1,YES
Closure,90,RESOURCE_EXHAUSTION_OOM,1,YES
Closure,37,RESOURCE_EXHAUSTION_OOM,1,YES
JacksonDatabind,57,MUTATION_TEST_FAIL,1,YES
JacksonDatabind,46,MUTATION_TEST_FAIL,1,YES
Jsoup,61,MUTATION_TEST_FAIL,1,YES
