project,n_matched,excess,ci_lo,ci_hi,n_target,n_canonical,completion_rate
Chart,11,0.37894784953608485,0.10013026189496776,0.6315073815073815,26,20,0.7692307692307693
Cli,10,0.048169191919191924,-0.2548611111111111,0.3919191919191919,39,14,0.358974358974359
Closure,26,0.6280199421721555,0.43385829648563096,0.7830224801098288,174,41,0.23563218390804597
Codec,14,0.43058120504944103,0.19816149297856617,0.6457565690123829,18,18,1.0
Collections,19,0.4223085431169663,0.18024600039652885,0.6667121658100627,28,28,1.0
Compress,17,0.5593491242650908,0.327416351155847,0.7690784005910056,47,35,0.7446808510638298
Csv,16,0.5354490250611027,0.28806940430981354,0.757358327059414,16,16,1.0
Gson,10,0.508170530623597,0.17867473230426922,0.8138888888888889,18,12,0.6666666666666666
JacksonCore,12,0.20342261904761905,-0.12276785714285714,0.516087962962963,26,22,0.8461538461538461
JacksonDatabind,6,0.6666666666666666,,,110,12,0.10909090909090909
JacksonXml,3,0.6377165445878387,,,6,6,1.0
Jsoup,40,0.5280251362188112,0.3682769429542054,0.6708103719319134,93,66,0.7096774193548387
JxPath,14,0.4983828619166965,0.21561343835779925,0.7623015873015874,22,22,1.0
Lang,17,0.4207611016434546,0.17526395173453999,0.621978021978022,61,58,0.9508196721311475
Math,54,0.24567727763759634,0.10818610487777412,0.3837054638314009,106,88,0.8301886792452831
Mockito,9,0.38940329218106995,0.06944444444444445,0.7088477366255144,38,10,0.2631578947368421
Time,10,0.3184928864239209,0.042202797202797196,0.6195454545454545,26,13,0.5
