project,bug_id,wall_sec,has_nogain_trigger,has_matched_placebo,included_primary,n_nogain_trigger,n_nogain_placebo,r_trigger_nogain,r_placebo_nogain,excess_nogain,n_trigger_matched,n_placebo_matched_unique,r_trigger_gain,r_placebo_gain,excess_gain,has_locality,excess_nogain_local,excess_nogain_nonlocal,r_trigger_local,r_placebo_local,r_trigger_nonlocal,r_placebo_nonlocal
Lang,1,,True,True,True,1,144,1.0,0.5714285714285714,0.4285714285714286,1,7,,,,True,0.7142857142857143,-0.2857142857142857,1.0,0.2857142857142857,0.0,0.2857142857142857
Lang,10,564.41,False,False,False,0,160,,,,,,0.5,1.0,-0.5,True,,,,,,
Lang,11,9.78,True,True,True,1,7,1.0,1.0,0.0,1,1,,,,True,0.0,0.0,1.0,1.0,0.0,0.0
Lang,12,10.94,True,False,False,1,6,,,,,,1.0,1.0,0.0,True,,,,,,
Lang,13,16.32,False,False,False,0,207,,,,,,,,,True,,,,,,
Lang,14,133.17,False,False,False,0,733,,,,,,1.0,1.0,0.0,True,,,,,,
Lang,15,9.03,False,False,False,0,4,,,,,,1.0,1.0,0.0,True,,,,,,
Lang,16,20.21,False,False,False,0,136,,,,,,1.0,1.0,0.0,True,,,,,,
Lang,17,31.11,True,True,True,1,44,0.0,0.0,0.0,1,18,,,,True,0.0,0.0,0.0,0.0,0.0,0.0
Lang,19,17.41,False,False,False,0,27,,,,,,1.0,1.0,0.0,True,,,,,,
Lang,20,148.87,True,True,True,2,484,0.5,0.38461538461538464,0.11538461538461536,2,13,,,,True,0.4230769230769231,0.1923076923076923,0.5,0.07692307692307693,0.5,0.3076923076923077
Lang,21,36.12,False,False,False,0,106,,,,,,1.0,1.0,0.0,True,,,,,,
Lang,22,206.21,False,False,False,0,10,,,,,,1.0,1.0,0.0,True,,,,,,
Lang,23,54.85,False,False,False,0,5,,,,,,1.0,1.0,0.0,True,,,,,,
Lang,24,16.17,False,False,False,0,82,,,,,,1.0,1.0,0.0,True,,,,,,
Lang,26,161.15,True,True,True,1,85,1.0,0.3333333333333333,0.6666666666666667,1,6,,,,True,0.0,0.6666666666666667,0.0,0.0,1.0,0.3333333333333333
Lang,27,16.17,False,False,False,0,82,,,,,,1.0,1.0,0.0,True,,,,,,
Lang,28,13.14,False,False,False,0,16,,,,,,1.0,1.0,0.0,True,,,,,,
Lang,29,174.75,True,True,True,1,630,1.0,0.375,0.625,1,8,,,,True,0.0,0.625,0.0,0.0,1.0,0.375
Lang,3,,True,True,True,1,144,1.0,0.5,0.5,1,6,,,,True,0.8333333333333334,-0.3333333333333333,1.0,0.16666666666666666,0.0,0.3333333333333333
Lang,30,123.18,False,False,False,0,476,,,,,,1.0,1.0,0.0,True,,,,,,
Lang,31,118.6,False,False,False,0,473,,,,,,1.0,1.0,0.0,True,,,,,,
Lang,32,12.4,True,True,True,1,25,1.0,0.2,0.8,1,5,,,,True,1.0,0.8,1.0,0.0,1.0,0.2
Lang,33,25.86,False,False,False,0,240,,,,,,1.0,1.0,0.0,True,,,,,,
Lang,34,108.72,True,True,True,1,292,1.0,0.3333333333333333,0.6666666666666667,1,18,1.0,1.0,0.0,True,0.0,0.6666666666666667,0.0,0.0,1.0,0.3333333333333333
Lang,35,80.77,False,False,False,0,705,,,,,,1.0,1.0,0.0,True,,,,,,
Lang,36,15.32,False,False,False,0,77,,,,,,,,,True,,,,,,
Lang,37,77.19,False,False,False,0,566,,,,,,1.0,1.0,0.0,True,,,,,,
Lang,38,154.28,False,False,False,0,52,,,,,,1.0,1.0,0.0,True,,,,,,
Lang,39,115.51,False,False,False,0,426,,,,,,1.0,1.0,0.0,True,,,,,,
Lang,4,18.24,True,True,True,1,136,0.0,0.0,0.0,1,1,,,,True,0.0,0.0,0.0,0.0,0.0,0.0
Lang,40,114.39,True,True,True,1,419,0.0,1.0,-1.0,1,1,,,,True,0.0,-1.0,0.0,0.0,0.0,1.0
Lang,41,23.52,False,False,False,0,225,,,,,,1.0,0.7142857142857143,0.2857142857142857,True,,,,,,
Lang,43,46.33,False,False,False,0,5,,,,,,1.0,1.0,0.0,True,,,,,,
Lang,44,8.83,True,False,False,1,8,,,,,,,,,True,,,,,,
Lang,45,8.12,False,False,False,0,78,,,,,,,,,True,,,,,,
Lang,46,7.12,True,True,True,1,78,1.0,0.5,0.5,1,2,,,,True,1.0,-0.5,1.0,0.0,0.0,0.5
Lang,47,82.01,False,False,False,0,151,,,,,,1.0,1.0,0.0,True,,,,,,
Lang,49,203.82,False,False,False,0,10,,,,,,1.0,1.0,0.0,True,,,,,,
Lang,5,6.58,False,False,False,0,6,,,,,,1.0,1.0,0.0,True,,,,,,
Lang,50,70.08,False,False,False,0,28,,,,,,1.0,1.0,0.0,True,,,,,,
Lang,51,6.2,False,False,False,0,169,,,,,,,,,True,,,,,,
Lang,52,7.22,False,False,False,0,69,,,,,,,,,True,,,,,,
Lang,53,12.43,True,False,False,1,21,,,,,,,,,True,,,,,,
Lang,54,5.47,False,False,False,0,6,,,,,,1.0,1.0,0.0,True,,,,,,
Lang,55,249.76,True,False,False,1,0,,,,,,,,,True,,,,,,
Lang,56,83.23,False,False,False,0,28,,,,,,,,,True,,,,,,
Lang,57,5.25,True,False,False,3,0,,,,,,,,,True,,,,,,
Lang,58,18.84,False,False,False,0,223,,,,,,1.0,1.0,0.0,True,,,,,,
Lang,59,73.59,True,True,True,1,137,1.0,0.3333333333333333,0.6666666666666667,1,3,,,,True,1.0,-0.3333333333333333,1.0,0.0,0.0,0.3333333333333333
Lang,6,35.34,True,True,True,1,141,1.0,0.0,1.0,1,37,,,,True,1.0,0.0,1.0,0.0,0.0,0.0
Lang,60,75.37,True,True,True,1,135,1.0,0.42857142857142855,0.5714285714285714,1,14,,,,True,0.8571428571428572,-0.2857142857142857,1.0,0.14285714285714285,0.0,0.2857142857142857
Lang,61,71.55,True,True,True,2,132,1.0,0.36363636363636365,0.6363636363636364,2,11,,,,True,1.0,-0.36363636363636365,1.0,0.0,0.0,0.36363636363636365
Lang,63,292.48,False,False,False,0,11,,,,,,1.0,1.0,0.0,True,,,,,,
Lang,65,11.24,True,False,False,1,20,,,,,,,,,True,,,,,,
Lang,7,20.96,False,False,False,0,138,,,,,,1.0,1.0,0.0,True,,,,,,
Lang,8,1591.98,False,False,False,0,149,,,,,,1.0,1.0,0.0,True,,,,,,
Lang,9,581.19,True,True,True,2,162,1.0,0.023809523809523808,0.9761904761904762,2,43,,,,True,1.0,-0.023809523809523808,1.0,0.0,0.0,0.023809523809523808
Math,1,,False,False,False,0,290,,,,,,1.0,1.0,0.0,False,,,,,,
Math,101,13.75,False,False,False,0,68,,,,,,,,,False,,,,,,
Math,11,21.13,True,True,True,1,9,0.0,0.0,0.0,1,1,,,,False,,,,,,
Math,12,345.46,True,True,True,3,702,0.0,0.0,0.0,3,3,,,,False,,,,,,
Math,13,251.98,True,True,True,1,86,0.0,0.0,0.0,1,8,,,,False,,,,,,
Math,14,62.63,True,True,True,1,90,0.0,0.0,0.0,1,7,,,,False,,,,,,
Math,2,31.99,True,True,True,1,14,0.0,0.5,-0.5,1,12,,,,False,,,,,,
Math,29,25.01,True,True,True,1,62,1.0,0.2857142857142857,0.7142857142857143,1,7,1.0,1.0,0.0,False,,,,,,
Math,3,985.59,False,False,False,0,2244,,,,,,1.0,1.0,0.0,False,,,,,,
Math,31,308.1,True,True,True,2,315,0.0,0.0,0.0,2,12,,,,False,,,,,,
Math,33,147.52,True,True,True,1,24,0.0,0.19047619047619047,-0.19047619047619047,1,21,,,,False,,,,,,
Math,37,83.48,False,False,False,0,284,,,,,,1.0,1.0,0.0,False,,,,,,
Math,4,26.96,True,True,True,2,50,1.0,0.0,1.0,2,10,,,,False,,,,,,
Math,45,38.77,False,False,False,0,457,,,,,,,,,False,,,,,,
Math,5,87.4,True,True,True,1,266,1.0,0.15384615384615385,0.8461538461538461,1,65,,,,False,,,,,,
Math,56,66.23,False,False,False,0,1,,,,,,1.0,1.0,0.0,False,,,,,,
Math,8,17.29,False,False,False,0,21,,,,,,,,,False,,,,,,
Math,85,384.76,True,True,True,1,92,1.0,1.0,0.0,1,1,,,,False,,,,,,
Math,9,19.71,False,False,False,0,32,,,,,,1.0,1.0,0.0,False,,,,,,
Math,99,759.47,True,True,True,1,536,1.0,0.4666666666666667,0.5333333333333333,1,15,1.0,1.0,0.0,False,,,,,,
