project,bug_id,wall_sec
Lang,1,
Lang,10,564.41
Lang,11,9.78
Lang,12,10.94
Lang,13,16.32
Lang,14,133.17
Lang,15,9.03
Lang,16,20.21
Lang,17,31.11
Lang,19,17.41
Lang,20,148.87
Lang,21,36.12
Lang,22,206.21
Lang,23,54.85
Lang,24,16.17
Lang,26,161.15
Lang,27,16.17
Lang,28,13.14
Lang,29,174.75
Lang,3,
Lang,30,123.18
Lang,31,118.6
Lang,32,12.4
Lang,33,25.86
Lang,34,108.72
Lang,35,80.77
Lang,36,15.32
Lang,37,77.19
Lang,38,154.28
Lang,39,115.51
Lang,4,18.24
Lang,40,114.39
Lang,41,23.52
Lang,43,46.33
Lang,44,8.83
Lang,45,8.12
Lang,46,7.12
Lang,47,82.01
Lang,49,203.82
Lang,5,6.58
Lang,50,70.08
Lang,51,6.2
Lang,52,7.22
Lang,53,12.43
Lang,54,5.47
Lang,55,249.76
Lang,56,83.23
Lang,57,5.25
Lang,58,18.84
Lang,59,73.59
Lang,6,35.34
Lang,60,75.37
Lang,61,71.55
Lang,63,292.48
Lang,65,11.24
Lang,7,20.96
Lang,8,1591.98
Lang,9,581.19
Math,1,
Math,101,13.75
Math,11,21.13
Math,12,345.46
Math,13,251.98
Math,14,62.63
Math,2,31.99
Math,29,25.01
Math,3,985.59
Math,31,308.1
Math,33,147.52
Math,37,83.48
Math,4,26.96
Math,45,38.77
Math,5,87.4
Math,56,66.23
Math,8,17.29
Math,85,384.76
Math,9,19.71
Math,99,759.47
