project,bug_id,n_trigger,n_nontrigger,n_mutants,n_mutants_covered,n_killed_by_base,n_unique_trigger,coupled,trigger_adds_coverage,exclusion_reason
Lang,1,1,172,940,912,626,20,True,False,
Lang,10,2,161,303,283,199,1,True,True,
Lang,11,1,10,201,199,143,1,True,False,
Lang,12,2,8,198,196,134,7,True,True,
Lang,13,1,207,30,30,12,9,True,True,
Lang,14,1,833,3096,3081,2368,6,True,True,
Lang,15,2,8,240,171,65,44,True,True,
Lang,16,1,163,868,840,532,43,True,True,
Lang,17,1,44,42,42,35,0,False,False,
Lang,19,2,30,162,162,113,16,True,True,
Lang,20,2,583,3120,3094,2382,3,True,False,
Lang,21,1,115,594,581,441,24,True,True,
Lang,22,2,23,901,887,659,55,True,True,
Lang,23,1,7,266,226,111,12,True,True,
Lang,24,1,109,856,828,366,199,True,True,
Lang,26,1,92,779,637,467,2,True,False,
Lang,27,1,109,852,824,523,39,True,True,
Lang,28,1,19,87,87,74,7,True,True,
Lang,29,1,635,159,153,80,23,True,False,
Lang,3,1,171,898,870,607,6,True,False,
Lang,30,10,572,2872,2866,2103,97,True,True,
Lang,31,2,569,2728,2722,2087,16,True,True,
Lang,32,1,44,311,305,261,6,True,False,
Lang,33,1,254,403,399,309,11,True,True,
Lang,34,27,317,551,523,415,28,True,True,
Lang,35,1,794,2086,2035,1788,4,True,True,
Lang,36,2,108,842,814,304,242,True,True,
Lang,37,1,656,2086,2086,1838,1,True,True,
Lang,38,1,58,779,637,454,15,True,True,
Lang,39,1,522,2638,2628,2031,21,True,True,
Lang,4,1,136,41,41,35,0,False,False,
Lang,40,1,515,2625,2617,2043,0,False,False,
Lang,41,2,239,400,396,264,52,True,True,
Lang,43,1,6,233,197,100,9,True,True,
Lang,44,1,19,607,599,372,4,True,False,
Lang,45,1,81,315,315,213,36,True,True,
Lang,46,1,86,230,219,166,2,True,False,
Lang,47,2,204,1821,1820,1237,4,True,True,
Lang,49,1,24,875,873,687,21,True,True,
Lang,5,1,12,177,177,120,36,True,True,
Lang,50,2,33,778,634,436,11,True,True,
Lang,51,1,189,386,386,163,120,True,True,
Lang,52,1,73,163,154,110,6,True,True,
Lang,53,1,30,464,455,315,0,False,False,
Lang,54,1,11,192,177,135,9,True,True,
Lang,55,1,5,100,100,46,3,True,False,
Lang,56,1,32,780,607,432,1,True,True,
Lang,57,11,0,183,168,0,137,True,True,
Lang,58,1,255,1003,980,687,6,True,True,
Lang,59,1,185,1757,1756,1195,1,True,False,
Lang,6,1,141,42,42,35,1,True,False,
Lang,60,1,184,1757,1756,1193,1,True,False,
Lang,61,2,182,1756,1755,1195,2,True,False,
Lang,63,1,15,455,411,270,12,True,True,
Lang,65,1,29,464,455,325,26,True,False,
Lang,7,1,165,882,854,532,44,True,True,
Lang,8,2,152,662,615,466,3,True,True,
Lang,9,2,163,306,286,201,1,True,False,
