project,bug_id,wall_sec,has_nogain_trigger,included_primary,n_nogain_trigger,n_nogain_placebo,r_trigger_nogain,r_placebo_nogain,excess_nogain,n_trigger_matched,n_placebo_matched_unique,r_trigger_gain,r_placebo_gain,excess_gain,has_locality,excess_nogain_local,excess_nogain_nonlocal
Collections,26,12.16,True,True,1,73,0.0,0.3,-0.3,1,10,,,,False,,
Jsoup,38,1481.36,False,False,0,329,,,,,,1.0,0.875,0.125,False,,
Lang,60,75.37,True,True,1,135,1.0,0.42857142857142855,0.5714285714285714,1,14,,,,True,0.8571428571428572,-0.2857142857142857
JacksonDatabind,39,24.66,True,True,1,234,1.0,0.0,1.0,1,3,,,,False,,
JacksonCore,20,159.05,False,False,0,371,,,,,,1.0,0.875,0.125,False,,
Csv,5,73.52,True,True,1,127,1.0,0.0,1.0,1,4,,,,False,,
Jsoup,12,88.04,True,True,1,166,1.0,0.16666666666666666,0.8333333333333334,1,24,,,,False,,
Jsoup,81,336.64,False,False,0,224,,,,,,1.0,1.0,0.0,False,,
Math,43,44.69,True,True,2,72,0.0,0.0,0.0,2,6,,,,False,,
Math,57,74.02,True,True,1,2,1.0,0.0,1.0,1,1,,,,False,,
Lang,39,115.51,False,False,0,426,,,,,,1.0,1.0,0.0,True,,
Compress,22,148.31,True,True,1,53,1.0,1.0,0.0,1,1,,,,False,,
Math,74,801.54,True,True,1,55,0.0,0.0,0.0,1,3,,,,False,,
Math,91,45.64,False,False,0,55,,,,,,1.0,1.0,0.0,False,,
Jsoup,85,72.58,True,True,1,622,1.0,0.0,1.0,1,7,,,,False,,
Jsoup,23,1629.41,True,True,1,274,1.0,0.0199203187250996,0.9800796812749004,1,251,,,,False,,
Math,102,16.02,False,False,0,24,,,,,,,,,False,,
Jsoup,78,364.34,True,True,1,219,0.0,0.0,0.0,1,15,,,,False,,
Chart,17,27.37,True,True,1,47,0.0,0.25,-0.25,1,8,,,,False,,
Chart,18,104.85,False,False,0,316,,,,,,1.0,1.0,0.0,False,,
Jsoup,44,272.6,True,True,1,408,1.0,0.0,1.0,1,94,,,,False,,
Csv,8,69.3,True,True,1,170,1.0,0.3157894736842105,0.6842105263157895,1,19,,,,False,,
Math,21,29.97,True,True,1,22,1.0,1.0,0.0,1,1,,,,False,,
Lang,27,16.17,False,False,0,82,,,,,,1.0,1.0,0.0,True,,
Jsoup,46,290.28,False,False,0,405,,,,,,1.0,1.0,0.0,False,,
Codec,10,5.56,True,True,1,12,1.0,0.4,0.6,1,10,,,,False,,
Cli,15,40.5,False,False,0,358,,,,,,,,,False,,
Compress,39,105.13,True,True,1,173,1.0,0.0,1.0,1,58,,,,False,,
Math,12,345.46,True,True,3,702,0.0,0.0,0.0,3,3,,,,False,,
Jsoup,20,10.15,False,False,0,18,,,,,,,,,False,,
Math,40,251.54,True,True,1,82,1.0,0.7142857142857143,0.2857142857142857,1,7,,,,False,,
Codec,13,190.71,False,False,0,238,,,,,,1.0,0.875,0.125,False,,
Mockito,37,109.17,False,False,0,301,,,,,,,,,False,,
Math,99,759.47,True,True,1,536,1.0,0.4666666666666667,0.5333333333333333,1,15,1.0,1.0,0.0,False,,
Math,33,147.52,True,True,1,24,0.0,0.19047619047619047,-0.19047619047619047,1,21,,,,False,,
Chart,13,171.4,False,False,0,192,,,,,,,,,False,,
Math,82,24.89,True,True,1,13,1.0,0.38461538461538464,0.6153846153846154,1,13,,,,False,,
JacksonCore,2,1277.52,False,False,0,138,,,,,,1.0,1.0,0.0,False,,
Collections,15,13.96,True,True,1,62,1.0,0.09523809523809523,0.9047619047619048,1,21,,,,False,,
Closure,101,70.27,True,True,1,19,1.0,0.05263157894736842,0.9473684210526316,1,19,,,,False,,
Math,5,87.4,True,True,1,266,1.0,0.15384615384615385,0.8461538461538461,1,65,,,,False,,
JacksonCore,13,21.84,False,False,0,310,,,,,,,,,False,,
Closure,74,1352.51,True,True,1,142,1.0,0.4583333333333333,0.5416666666666667,1,24,1.0,1.0,0.0,False,,
Math,9,19.71,False,False,0,32,,,,,,1.0,1.0,0.0,False,,
Time,11,23.22,True,True,1,4,0.0,0.0,0.0,1,4,,,,False,,
Math,70,8.23,True,True,1,14,0.0,0.5,-0.5,1,2,,,,False,,
Lang,40,114.39,True,True,1,419,0.0,1.0,-1.0,1,1,,,,True,0.0,-1.0
Gson,1,10.36,False,False,0,448,,,,,,,,,False,,
JacksonXml,2,651.56,True,True,1,104,1.0,0.02127659574468085,0.9787234042553191,1,47,,,,False,,
Cli,3,2.36,False,False,0,0,,,,,,,,,False,,
JacksonCore,17,537.91,False,False,0,298,,,,,,1.0,1.0,0.0,False,,
JacksonCore,26,850.52,True,True,1,542,1.0,0.1875,0.8125,1,16,,,,False,,
Gson,8,10.87,True,True,2,440,1.0,0.0,1.0,2,66,,,,False,,
Closure,83,275.2,False,False,0,49,,,,,,1.0,1.0,0.0,False,,
Lang,12,10.94,True,False,1,6,,,,,,1.0,1.0,0.0,True,,
Math,77,45.65,False,False,0,334,,,,,,1.0,1.0,0.0,False,,
Jsoup,49,696.35,True,True,1,426,0.0,0.14285714285714285,-0.14285714285714285,1,14,,,,False,,
Csv,6,6.33,True,True,1,115,1.0,0.25,0.75,1,4,,,,False,,
Lang,43,46.33,False,False,0,5,,,,,,1.0,1.0,0.0,True,,
Math,67,9.37,False,False,0,0,,,,,,1.0,1.0,0.0,False,,
JacksonDatabind,51,280.13,True,True,1,338,1.0,0.0,1.0,1,1,,,,False,,
JacksonXml,6,958.03,False,False,0,162,,,,,,1.0,0.8333333333333334,0.16666666666666663,False,,
Math,49,84.85,False,False,0,28,,,,,,1.0,1.0,0.0,False,,
Chart,3,43.02,True,True,1,73,1.0,0.5833333333333334,0.41666666666666663,1,24,,,,False,,
Csv,7,41.4,True,True,1,152,1.0,0.05555555555555555,0.9444444444444444,1,36,,,,False,,
Math,65,68.79,False,False,0,74,,,,,,1.0,1.0,0.0,False,,
Lang,51,6.2,False,False,0,169,,,,,,,,,True,,
Math,69,15.81,True,True,2,14,1.0,0.16666666666666666,0.8333333333333334,2,4,,,,False,,
JacksonDatabind,29,40.73,False,False,0,28,,,,,,1.0,1.0,0.0,False,,
Lang,3,,True,True,1,144,1.0,0.5,0.5,1,6,,,,True,0.8333333333333334,-0.3333333333333333
Jsoup,21,231.45,True,True,2,234,0.0,0.14285714285714285,-0.14285714285714285,2,28,,,,False,,
Collections,3,11.16,True,True,1,107,0.0,0.0,0.0,1,8,,,,False,,
Csv,4,34.77,True,True,1,129,1.0,0.0,1.0,1,2,,,,False,,
Closure,55,127.86,True,True,1,93,1.0,0.375,0.625,1,8,,,,False,,
Closure,29,701.8,False,False,0,284,,,,,,1.0,1.0,0.0,False,,
Math,104,162.83,True,True,1,132,1.0,0.0,1.0,1,37,,,,False,,
Lang,65,11.24,True,False,1,20,,,,,,,,,True,,
JacksonXml,5,185.43,True,True,1,160,0.0,0.0,0.0,1,75,,,,False,,
Jsoup,77,31.34,True,True,1,585,0.0,0.09090909090909091,-0.09090909090909091,1,11,,,,False,,
Lang,23,54.85,False,False,0,5,,,,,,1.0,1.0,0.0,True,,
Jsoup,11,61.28,False,False,0,162,,,,,,1.0,1.0,0.0,False,,
Closure,76,575.77,False,False,0,101,,,,,,1.0,1.0,0.0,False,,
Jsoup,75,663.91,True,True,1,584,0.0,0.023809523809523808,-0.023809523809523808,1,42,,,,False,,
Closure,87,535.01,False,False,0,102,,,,,,1.0,1.0,0.0,False,,
Collections,12,9.92,False,False,0,8,,,,,,1.0,1.0,0.0,False,,
Jsoup,86,25.81,True,True,1,609,0.0,0.2,-0.2,1,5,,,,False,,
Math,41,92.14,True,True,1,233,0.0,0.0,0.0,1,6,,,,False,,
Math,76,32.35,True,True,2,13,0.5,0.5,0.0,2,4,,,,False,,
Math,24,47.86,True,True,1,15,1.0,0.25,0.75,1,8,,,,False,,
Codec,5,388.28,False,False,0,76,,,,,,1.0,1.0,0.0,False,,
Math,100,29.13,True,True,1,45,0.0,0.0,0.0,1,9,,,,False,,
Math,64,971.42,True,True,2,54,0.0,0.5,-0.5,2,16,,,,False,,
Compress,23,29.3,True,True,1,21,1.0,0.0,1.0,1,1,,,,False,,
Closure,136,846.52,True,True,3,94,0.0,0.19444444444444445,-0.19444444444444445,3,26,1.0,1.0,0.0,False,,
Csv,12,86.63,True,True,1,179,0.0,0.0196078431372549,-0.0196078431372549,1,51,,,,False,,
Jsoup,3,838.37,True,True,3,131,1.0,0.28381642512077293,0.7161835748792271,3,47,,,,False,,
Chart,6,43.13,False,False,0,484,,,,,,,,,False,,
Chart,12,16.59,False,False,0,198,,,,,,1.0,1.0,0.0,False,,
Math,73,413.69,False,False,0,210,,,,,,1.0,1.0,0.0,False,,
Closure,147,416.28,True,True,3,92,1.0,0.18888888888888888,0.8111111111111111,3,40,,,,False,,
Jsoup,32,199.59,True,True,1,320,1.0,0.3,0.7,1,10,,,,False,,
Closure,170,1698.27,True,True,1,373,1.0,0.04285714285714286,0.9571428571428572,1,70,,,,False,,
Compress,26,282.35,False,False,0,262,,,,,,,,,False,,
JxPath,11,211.24,True,True,2,82,1.0,0.0,1.0,2,18,,,,False,,
JxPath,7,12.99,False,False,0,136,,,,,,,,,False,,
JacksonDatabind,88,145.68,True,True,1,243,1.0,0.0,1.0,1,72,,,,False,,
Lang,4,18.24,True,True,1,136,0.0,0.0,0.0,1,1,,,,True,0.0,0.0
Closure,105,1425.09,False,False,0,77,,,,,,1.0,1.0,0.0,False,,
Collections,28,349.73,False,False,0,159,,,,,,1.0,1.0,0.0,False,,
Chart,25,26.64,True,False,2,2,,,,,,1.0,1.0,0.0,False,,
Lang,35,80.77,False,False,0,705,,,,,,1.0,1.0,0.0,True,,
JacksonXml,3,760.65,False,False,0,130,,,,,,1.0,1.0,0.0,False,,
Closure,12,680.92,True,True,1,349,1.0,0.0,1.0,1,63,,,,False,,
JacksonCore,24,376.2,True,True,1,530,0.0,0.42857142857142855,-0.42857142857142855,1,7,1.0,0.8928571428571429,0.1071428571428571,False,,
Lang,55,249.76,True,False,1,0,,,,,,,,,True,,
Codec,15,11.52,True,True,1,30,1.0,0.045454545454545456,0.9545454545454546,1,22,,,,False,,
Math,3,985.59,False,False,0,2244,,,,,,1.0,1.0,0.0,False,,
JxPath,10,14.03,True,True,1,137,0.0,0.0,0.0,1,2,,,,False,,
Lang,32,12.4,True,True,1,25,1.0,0.2,0.8,1,5,,,,True,1.0,0.8
Csv,15,328.09,True,True,1,257,0.0,0.03896103896103896,-0.03896103896103896,1,77,,,,False,,
Chart,24,11.39,False,False,0,11,,,,,,,,,False,,
Jsoup,15,1085.42,True,True,1,213,1.0,0.18518518518518517,0.8148148148148149,1,27,,,,False,,
Compress,15,58.33,True,True,1,100,1.0,0.015384615384615385,0.9846153846153847,1,65,,,,False,,
JacksonCore,11,922.5,True,True,1,291,1.0,0.24444444444444444,0.7555555555555555,1,45,,,,False,,
JxPath,14,139.79,False,False,0,272,,,,,,,,,False,,
Jsoup,7,84.26,False,False,0,179,,,,,,1.0,1.0,0.0,False,,
Closure,53,626.04,True,True,1,114,1.0,0.12,0.88,1,25,,,,False,,
Cli,35,25.22,True,True,1,401,1.0,0.0,1.0,1,51,,,,False,,
JxPath,4,801.0,True,True,6,288,1.0,0.0,1.0,6,4,,,,False,,
Chart,11,103.0,False,False,0,539,,,,,,1.0,1.0,0.0,False,,
Math,103,8.39,False,False,0,18,,,,,,1.0,1.0,0.0,False,,
Codec,8,453.04,True,True,1,76,0.0,0.25,-0.25,1,8,,,,False,,
Jsoup,35,1390.01,True,True,1,320,1.0,0.25,0.75,1,28,,,,False,,
Jsoup,82,432.53,False,False,0,228,,,,,,1.0,1.0,0.0,False,,
Lang,41,23.52,False,False,0,225,,,,,,1.0,0.7142857142857143,0.2857142857142857,True,,
Codec,7,429.66,True,True,1,79,1.0,0.12195121951219512,0.8780487804878049,1,41,1.0,1.0,0.0,False,,
Closure,151,175.55,False,False,0,36,,,,,,1.0,1.0,0.0,False,,
JxPath,12,618.26,True,True,1,319,1.0,0.022222222222222223,0.9777777777777777,1,45,,,,False,,
JacksonDatabind,107,417.8,True,True,1,473,1.0,0.0,1.0,1,1,,,,False,,
Cli,40,3.14,True,True,1,34,0.0,0.0,0.0,1,9,,,,False,,
Lang,21,36.12,False,False,0,106,,,,,,1.0,1.0,0.0,True,,
Closure,78,1281.51,False,False,0,135,,,,,,1.0,1.0,0.0,False,,
Math,98,81.29,True,True,2,103,0.0,0.4666666666666667,-0.4666666666666667,2,13,,,,False,,
Lang,47,82.01,False,False,0,151,,,,,,1.0,1.0,0.0,True,,
Lang,10,564.41,False,False,0,160,,,,,,0.5,1.0,-0.5,True,,
Compress,21,86.33,False,False,0,6,,,,,,1.0,1.0,0.0,False,,
Lang,57,5.25,True,False,3,0,,,,,,,,,True,,
Chart,2,484.74,True,True,2,535,1.0,0.4230769230769231,0.5769230769230769,2,26,,,,False,,
Csv,3,53.81,True,True,3,78,1.0,0.13333333333333333,0.8666666666666667,3,20,,,,False,,
Time,16,433.2,True,True,7,2583,1.0,0.04545454545454546,0.9545454545454546,7,44,,,,False,,
Cli,7,3.3,False,False,0,0,,,,,,,,,False,,
Math,83,44.33,True,True,1,15,1.0,0.3333333333333333,0.6666666666666667,1,12,,,,False,,
Lang,52,7.22,False,False,0,69,,,,,,,,,True,,
JacksonDatabind,49,36.34,True,True,1,44,0.0,0.0,0.0,1,3,,,,False,,
Time,7,492.71,True,True,2,2696,0.0,0.05,-0.05,2,60,,,,False,,
Jsoup,80,38.92,True,True,1,591,1.0,0.0,1.0,1,3,,,,False,,
Math,37,83.48,False,False,0,284,,,,,,1.0,1.0,0.0,False,,
Compress,40,25.65,False,False,0,48,,,,,,,,,False,,
Math,25,24.66,True,False,1,3,,,,,,,,,False,,
Math,86,14.9,True,True,2,8,1.0,0.0,1.0,2,5,,,,False,,
Closure,58,623.6,False,False,0,176,,,,,,,,,False,,
Compress,10,78.71,False,False,0,30,,,,,,0.0,1.0,-1.0,False,,
Closure,97,312.32,False,False,0,62,,,,,,1.0,1.0,0.0,False,,
Lang,49,203.82,False,False,0,10,,,,,,1.0,1.0,0.0,True,,
Math,14,62.63,True,True,1,90,0.0,0.0,0.0,1,7,,,,False,,
Compress,32,445.5,False,False,0,326,,,,,,1.0,1.0,0.0,False,,
Compress,24,157.08,True,True,1,120,1.0,0.3333333333333333,0.6666666666666667,1,9,,,,False,,
Math,58,137.72,False,False,0,7,,,,,,,,,False,,
JacksonCore,7,50.6,True,True,2,115,1.0,1.0,0.0,2,1,,,,False,,
Lang,14,133.17,False,False,0,733,,,,,,1.0,1.0,0.0,True,,
Collections,7,10.29,True,True,1,5,1.0,0.0,1.0,1,1,1.0,1.0,0.0,False,,
Lang,8,1591.98,False,False,0,149,,,,,,1.0,1.0,0.0,True,,
Collections,16,14.34,False,False,0,63,,,,,,1.0,1.0,0.0,False,,
Math,4,26.96,True,True,2,50,1.0,0.0,1.0,2,10,,,,False,,
Chart,9,30.11,True,True,1,51,1.0,0.2222222222222222,0.7777777777777778,1,9,,,,False,,
Jsoup,16,9.3,True,True,1,237,1.0,0.0,1.0,1,2,,,,False,,
Lang,54,5.47,False,False,0,6,,,,,,1.0,1.0,0.0,True,,
JxPath,19,1081.21,True,True,2,345,0.5,0.10714285714285714,0.39285714285714285,2,84,,,,False,,
Compress,42,111.69,True,True,1,180,1.0,1.0,0.0,1,3,,,,False,,
Jsoup,40,10.54,True,True,2,357,0.5,0.0,0.5,2,5,,,,False,,
Lang,15,9.03,False,False,0,4,,,,,,1.0,1.0,0.0,True,,
Math,30,13.66,True,False,1,1,,,,,,,,,False,,
Lang,33,25.86,False,False,0,240,,,,,,1.0,1.0,0.0,True,,
Math,31,308.1,True,True,2,315,0.0,0.0,0.0,2,12,,,,False,,
Closure,91,324.65,False,False,0,93,,,,,,1.0,1.0,0.0,False,,
Compress,45,698.95,False,False,0,161,,,,,,,,,False,,
Math,1,,False,False,0,290,,,,,,1.0,1.0,0.0,False,,
Gson,17,9.2,True,True,1,587,0.0,0.0,0.0,1,8,1.0,1.0,0.0,False,,
JxPath,1,151.75,True,True,2,273,1.0,0.05555555555555555,0.9444444444444444,2,10,,,,False,,
Closure,23,1377.0,False,False,0,357,,,,,,1.0,1.0,0.0,False,,
Codec,18,8.27,False,False,0,381,,,,,,,,,False,,
Lang,58,18.84,False,False,0,223,,,,,,1.0,1.0,0.0,True,,
Jsoup,30,13.42,False,False,0,21,,,,,,,,,False,,
Csv,13,373.77,True,True,2,194,0.5,0.3333333333333333,0.16666666666666669,2,18,,,,False,,
JxPath,2,43.03,True,True,1,295,0.0,0.0,0.0,1,2,,,,False,,
Cli,37,28.72,True,True,1,52,0.0,0.13636363636363635,-0.13636363636363635,1,44,,,,False,,
Math,35,15.74,True,True,4,8,0.5,0.0,0.5,4,1,,,,False,,
JacksonCore,14,81.59,False,False,0,309,,,,,,1.0,0.0,1.0,False,,
Cli,31,127.44,True,True,1,337,0.0,0.7777777777777778,-0.7777777777777778,1,9,,,,False,,
Chart,5,54.06,True,True,1,284,1.0,0.0,1.0,1,2,,,,False,,
Codec,9,416.06,True,True,1,82,1.0,0.16279069767441862,0.8372093023255813,1,43,,,,False,,
Jsoup,19,21.12,True,True,1,15,1.0,0.0,1.0,1,8,,,,False,,
Compress,27,117.44,True,True,1,124,1.0,0.3333333333333333,0.6666666666666667,1,9,,,,False,,
Csv,16,51.47,True,True,1,153,0.0,0.18181818181818182,-0.18181818181818182,1,44,,,,False,,
Lang,31,118.6,False,False,0,473,,,,,,1.0,1.0,0.0,True,,
Jsoup,88,95.28,True,True,1,628,0.0,1.0,-1.0,1,1,,,,False,,
JacksonCore,10,950.52,True,True,2,283,1.0,1.0,0.0,2,4,1.0,1.0,0.0,False,,
Jsoup,93,28.73,False,False,0,636,,,,,,1.0,1.0,0.0,False,,
Codec,3,187.31,True,True,1,14,1.0,0.2,0.8,1,5,,,,False,,
Lang,34,108.72,True,True,1,292,1.0,0.3333333333333333,0.6666666666666667,1,18,1.0,1.0,0.0,True,0.0,0.6666666666666667
Time,5,122.28,True,True,3,1942,0.0,0.11538461538461538,-0.11538461538461538,3,26,,,,False,,
Lang,9,581.19,True,True,2,162,1.0,0.023809523809523808,0.9761904761904762,2,43,,,,True,1.0,-0.023809523809523808
Math,11,21.13,True,True,1,9,0.0,0.0,0.0,1,1,,,,False,,
JxPath,22,710.21,True,True,1,363,0.0,0.08771929824561403,-0.08771929824561403,1,57,,,,False,,
JxPath,17,215.75,False,False,0,91,,,,,,1.0,1.0,0.0,False,,
Closure,143,322.0,True,True,2,86,1.0,0.0,1.0,2,12,1.0,1.0,0.0,False,,
Closure,88,491.75,True,True,7,83,1.0,0.05529953917050691,0.9447004608294931,7,32,,,,False,,
Codec,2,155.49,True,True,2,44,1.0,0.5,0.5,2,4,,,,False,,
Chart,16,17.42,True,True,7,10,1.0,0.3333333333333333,0.6666666666666667,7,3,1.0,1.0,0.0,False,,
Time,2,785.03,True,True,1,4001,1.0,0.18181818181818182,0.8181818181818181,1,44,,,,False,,
Lang,59,73.59,True,True,1,137,1.0,0.3333333333333333,0.6666666666666667,1,3,,,,True,1.0,-0.3333333333333333
Jsoup,39,25.37,True,True,1,36,1.0,0.0,1.0,1,7,,,,False,,
JxPath,9,142.86,False,False,0,327,,,,,,1.0,1.0,0.0,False,,
Collections,25,9.19,False,False,0,281,,,,,,1.0,1.0,0.0,False,,
Math,97,95.41,False,False,0,127,,,,,,,,,False,,
JxPath,18,214.45,False,False,0,348,,,,,,,,,False,,
Math,51,303.68,False,False,0,35,,,,,,,,,False,,
Math,56,66.23,False,False,0,1,,,,,,1.0,1.0,0.0,False,,
Math,36,126.16,False,False,0,83,,,,,,1.0,1.0,0.0,False,,
Jsoup,18,555.19,True,True,1,238,1.0,0.0,1.0,1,48,,,,False,,
Math,66,42.61,True,True,4,6,1.0,0.9166666666666667,0.08333333333333326,4,6,,,,False,,
Csv,10,76.82,True,True,1,137,1.0,0.0,1.0,1,4,,,,False,,
Math,55,412.1,True,True,1,77,1.0,0.4,0.6,1,5,,,,False,,
Codec,12,84.49,True,False,2,22,,,,,,1.0,0.0,1.0,False,,
Jsoup,5,360.32,False,False,0,164,,,,,,1.0,1.0,0.0,False,,
Math,89,8.08,True,False,1,3,,,,,,,,,False,,
Codec,4,354.5,True,True,2,65,0.0,0.16666666666666666,-0.16666666666666666,2,6,,,,False,,
Cli,38,30.62,True,True,1,54,1.0,1.0,0.0,1,2,,,,False,,
JacksonCore,6,6.56,False,False,0,1,,,,,,1.0,1.0,0.0,False,,
Lang,45,8.12,False,False,0,78,,,,,,,,,True,,
Compress,2,8.99,False,False,0,51,,,,,,1.0,1.0,0.0,False,,
Math,13,251.98,True,True,1,86,0.0,0.0,0.0,1,8,,,,False,,
Cli,13,88.47,True,True,1,423,0.0,0.0,0.0,1,1,,,,False,,
JxPath,3,22.17,True,True,1,298,1.0,0.0,1.0,1,41,,,,False,,
Jsoup,52,96.29,False,False,0,434,,,,,,1.0,1.0,0.0,False,,
JacksonCore,23,24.66,False,False,0,554,,,,,,,,,False,,
Math,87,50.01,True,True,1,14,0.0,0.45454545454545453,-0.45454545454545453,1,11,,,,False,,
JxPath,6,94.39,True,True,1,324,0.0,0.0,0.0,1,48,,,,False,,
Lang,20,148.87,True,True,2,484,0.5,0.38461538461538464,0.11538461538461536,2,13,,,,True,0.4230769230769231,0.1923076923076923
Compress,31,829.46,False,False,0,149,,,,,,1.0,1.0,0.0,False,,
Codec,17,10.44,True,True,1,378,0.0,0.125,-0.125,1,16,,,,False,,
Gson,6,13.6,True,True,2,682,1.0,0.0,1.0,2,3,,,,False,,
Math,106,5.53,False,False,0,13,,,,,,,,,False,,
Math,85,384.76,True,True,1,92,1.0,1.0,0.0,1,1,,,,False,,
Closure,107,1623.42,True,True,1,108,1.0,0.06481481481481481,0.9351851851851852,1,108,,,,False,,
Lang,37,77.19,False,False,0,566,,,,,,1.0,1.0,0.0,True,,
Closure,8,743.55,True,True,1,281,1.0,0.5,0.5,1,4,,,,False,,
JxPath,21,106.44,True,True,2,346,1.0,0.0,1.0,2,15,,,,False,,
Gson,5,7.27,False,False,0,8,,,,,,,,,False,,
Collections,21,10.15,True,True,1,70,0.0,0.03333333333333333,-0.03333333333333333,1,30,,,,False,,
Lang,63,292.48,False,False,0,11,,,,,,1.0,1.0,0.0,True,,
Codec,11,18.85,True,True,1,24,1.0,0.4,0.6,1,5,1.0,1.0,0.0,False,,
Collections,18,8.77,True,True,1,63,1.0,0.0,1.0,1,20,,,,False,,
Lang,46,7.12,True,True,1,78,1.0,0.5,0.5,1,2,,,,True,1.0,-0.5
JacksonDatabind,18,44.74,False,False,0,22,,,,,,1.0,1.0,0.0,False,,
Gson,10,216.0,True,True,1,689,0.0,0.0,0.0,1,8,,,,False,,
Lang,17,31.11,True,True,1,44,0.0,0.0,0.0,1,18,,,,True,0.0,0.0
Math,88,39.17,True,True,1,13,0.0,0.4,-0.4,1,10,,,,False,,
Jsoup,48,10.96,False,False,0,13,,,,,,1.0,1.0,0.0,False,,
Codec,14,615.4,True,True,1,40,1.0,0.16666666666666666,0.8333333333333334,1,12,,,,False,,
Jsoup,10,455.57,False,False,0,186,,,,,,1.0,1.0,0.0,False,,
JacksonCore,21,28.41,True,True,1,10,1.0,0.5555555555555556,0.4444444444444444,1,9,1.0,1.0,0.0,False,,
Collections,5,13.42,True,True,1,61,1.0,0.045454545454545456,0.9545454545454546,1,22,,,,False,,
Math,53,643.29,True,True,1,174,1.0,0.3442622950819672,0.6557377049180328,1,61,,,,False,,
Lang,61,71.55,True,True,2,132,1.0,0.36363636363636365,0.6363636363636364,2,11,,,,True,1.0,-0.36363636363636365
Closure,85,315.78,True,True,2,74,0.0,0.1,-0.1,2,10,,,,False,,
Time,12,174.03,False,False,0,1621,,,,,,1.0,1.0,0.0,False,,
Closure,9,102.83,False,False,0,115,,,,,,,,,False,,
Jsoup,8,407.12,True,True,1,182,1.0,0.11538461538461539,0.8846153846153846,1,26,,,,False,,
Jsoup,84,11.8,True,True,1,4,1.0,0.75,0.25,1,4,,,,False,,
Time,22,206.41,True,True,2,1871,0.0,0.0,0.0,2,59,,,,False,,
JxPath,13,744.06,True,True,1,320,0.0,0.5,-0.5,1,2,,,,False,,
Jsoup,89,64.96,True,True,1,629,1.0,0.5,0.5,1,2,,,,False,,
Mockito,38,34.7,True,True,2,99,1.0,0.28703703703703703,0.712962962962963,2,27,,,,False,,
Jsoup,33,492.73,True,True,1,349,1.0,0.14516129032258066,0.8548387096774194,1,62,,,,False,,
JxPath,5,613.22,False,False,0,322,,,,,,1.0,1.0,0.0,False,,
Lang,7,20.96,False,False,0,138,,,,,,1.0,1.0,0.0,True,,
JacksonCore,5,5.43,True,True,1,1,0.0,1.0,-1.0,1,1,,,,False,,
Compress,8,19.32,False,False,0,61,,,,,,1.0,1.0,0.0,False,,
Math,8,17.29,False,False,0,21,,,,,,,,,False,,
Collections,4,6.53,True,True,2,16,1.0,0.14285714285714285,0.8571428571428572,2,7,1.0,1.0,0.0,False,,
Mockito,28,38.8,True,True,1,25,1.0,0.041666666666666664,0.9583333333333334,1,24,,,,False,,
Closure,50,267.6,True,True,1,89,1.0,0.05,0.95,1,20,1.0,1.0,0.0,False,,
Closure,72,1098.74,True,True,1,419,1.0,0.04225352112676056,0.9577464788732395,1,71,,,,False,,
Csv,14,365.67,True,True,6,218,0.0,0.08695652173913043,-0.08695652173913043,6,23,,,,False,,
Lang,19,17.41,False,False,0,27,,,,,,1.0,1.0,0.0,True,,
Jsoup,54,5.62,True,False,1,1,,,,,,,,,False,,
Closure,148,437.67,True,True,5,67,1.0,0.08,0.92,5,14,1.0,1.0,0.0,False,,
Jsoup,53,406.89,True,True,1,405,1.0,0.023255813953488372,0.9767441860465116,1,43,,,,False,,
Codec,1,31.07,True,True,5,72,0.0,0.1,-0.1,5,32,,,,False,,
Compress,33,8.9,False,False,0,36,,,,,,,,,False,,
Lang,30,123.18,False,False,0,476,,,,,,1.0,1.0,0.0,True,,
Collections,19,8.75,True,True,1,69,1.0,0.2,0.8,1,10,,,,False,,
Collections,8,137.04,True,True,1,110,1.0,0.13793103448275862,0.8620689655172413,1,29,,,,False,,
Collections,2,7.38,False,False,0,4,,,,,,,,,False,,
JacksonDatabind,98,106.82,False,False,0,47,,,,,,1.0,1.0,0.0,False,,
Csv,9,5.09,True,True,1,118,1.0,0.1111111111111111,0.8888888888888888,1,9,,,,False,,
Jsoup,24,583.5,False,False,0,260,,,,,,1.0,1.0,0.0,False,,
Compress,1,5.24,True,False,1,24,,,,,,,,,False,,
JacksonDatabind,35,30.08,False,False,0,275,,,,,,1.0,1.0,0.0,False,,
Compress,6,17.02,False,False,0,76,,,,,,,,,False,,
JxPath,15,30.51,True,True,2,339,1.0,0.0,1.0,2,4,,,,False,,
Math,48,267.83,True,True,1,35,1.0,0.16666666666666666,0.8333333333333334,1,6,,,,False,,
JxPath,20,14.03,False,False,0,138,,,,,,1.0,1.0,0.0,False,,
Math,42,114.57,False,False,0,25,,,,,,1.0,1.0,0.0,False,,
Math,96,26.85,True,True,1,167,0.0,0.38461538461538464,-0.38461538461538464,1,26,,,,False,,
Lang,50,70.08,False,False,0,28,,,,,,1.0,1.0,0.0,True,,
Collections,17,6.13,True,True,1,196,0.0,0.3333333333333333,-0.3333333333333333,1,3,,,,False,,
Lang,22,206.21,False,False,0,10,,,,,,1.0,1.0,0.0,True,,
JacksonXml,4,165.48,False,False,0,136,,,,,,1.0,1.0,0.0,False,,
Jsoup,45,1010.02,True,True,1,408,1.0,0.109375,0.890625,1,64,,,,False,,
Jsoup,1,13.85,True,True,1,125,0.0,0.0,0.0,1,25,,,,False,,
Closure,163,1591.3,True,True,3,400,0.6666666666666666,0.2222222222222222,0.4444444444444444,3,18,,,,False,,
Closure,46,258.35,True,True,3,2091,0.3333333333333333,0.2113617376775271,0.1219715956558062,3,38,,,,False,,
Closure,126,452.7,True,True,2,313,1.0,0.0,1.0,2,53,,,,False,,
Chart,1,168.35,True,True,1,431,1.0,1.0,0.0,1,1,,,,False,,
Chart,8,13.67,True,True,1,17,0.0,0.35294117647058826,-0.35294117647058826,1,17,,,,False,,
Compress,3,6.34,True,False,1,79,,,,,,,,,False,,
Closure,5,909.86,False,False,0,312,,,,,,1.0,1.0,0.0,False,,
Compress,13,58.11,True,True,2,98,1.0,0.023809523809523808,0.9761904761904762,2,63,,,,False,,
Collections,14,6.97,True,True,1,44,0.0,0.058823529411764705,-0.058823529411764705,1,34,,,,False,,
Time,27,1450.26,False,False,0,723,,,,,,1.0,0.8333333333333334,0.16666666666666663,False,,
JxPath,16,984.32,True,True,2,327,0.5,0.25,0.25,2,16,1.0,0.875,0.125,False,,
Math,78,418.42,False,False,0,117,,,,,,,,,False,,
Math,29,25.01,True,True,1,62,1.0,0.2857142857142857,0.7142857142857143,1,7,1.0,1.0,0.0,False,,
Compress,34,26.79,False,False,0,164,,,,,,,,,False,,
Compress,41,343.34,True,True,2,342,1.0,0.01020408163265306,0.9897959183673469,2,53,,,,False,,
Closure,127,1340.6,False,False,0,330,,,,,,,,,False,,
Jsoup,22,878.89,False,False,0,256,,,,,,1.0,1.0,0.0,False,,
Closure,28,278.42,True,True,2,666,0.5,0.0,0.5,2,82,,,,False,,
Jsoup,28,997.38,True,True,5,305,0.8,0.005063291139240506,0.7949367088607595,5,86,1.0,1.0,0.0,False,,
Jsoup,26,11.96,True,True,1,19,1.0,0.0,1.0,1,8,,,,False,,
Lang,6,35.34,True,True,1,141,1.0,0.0,1.0,1,37,,,,True,1.0,0.0
Mockito,12,14.73,True,True,10,10,0.0,0.0,0.0,10,3,,,,False,,
Cli,36,22.92,True,True,1,290,0.0,0.0,0.0,1,1,,,,False,,
Collections,10,8.17,True,True,2,26,0.0,0.06666666666666667,-0.06666666666666667,1,15,,,,False,,
Math,34,14.13,True,True,1,18,0.0,0.5,-0.5,1,4,,,,False,,
Compress,5,62.01,False,False,0,100,,,,,,,,,False,,
Time,24,849.87,True,True,7,1031,1.0,0.0,1.0,7,35,,,,False,,
Math,22,33.08,False,False,0,93,,,,,,1.0,1.0,0.0,False,,
JacksonDatabind,74,122.5,False,False,0,371,,,,,,1.0,1.0,0.0,False,,
Math,68,909.7,True,True,2,41,0.0,0.375,-0.375,2,16,,,,False,,
Compress,19,22.58,True,True,1,130,1.0,0.0,1.0,1,1,,,,False,,
Lang,11,9.78,True,True,1,7,1.0,1.0,0.0,1,1,,,,True,0.0,0.0
Math,95,7.81,True,True,1,21,1.0,0.0,1.0,1,2,,,,False,,
Math,92,769.1,False,False,0,533,,,,,,1.0,1.0,0.0,False,,
Jsoup,69,25.42,False,False,0,545,,,,,,,,,False,,
Closure,100,228.27,True,True,9,62,0.5555555555555556,0.271062271062271,0.2844932844932846,9,27,,,,False,,
Gson,12,57.14,True,True,2,779,1.0,0.25,0.75,2,4,,,,False,,
Math,84,9.54,True,True,2,3,1.0,0.5,0.5,2,2,,,,False,,
Math,32,51.22,False,False,0,22,,,,,,,,,False,,
Closure,15,1220.29,False,False,0,328,,,,,,1.0,1.0,0.0,False,,
Codec,6,54.05,True,True,1,6,0.0,0.0,0.0,1,4,,,,False,,
Chart,21,19.05,False,False,0,12,,,,,,1.0,1.0,0.0,False,,
Jsoup,17,1079.7,True,True,1,218,1.0,0.21212121212121213,0.7878787878787878,1,33,,,,False,,
Jsoup,47,295.12,True,True,1,407,1.0,0.3333333333333333,0.6666666666666667,1,3,,,,False,,
Time,3,49.87,True,True,5,1277,1.0,0.25,0.75,5,8,,,,False,,
JacksonCore,1,186.32,True,True,1,161,0.0,0.0,0.0,1,26,,,,False,,
Jsoup,73,9.84,False,False,0,4,,,,,,,,,False,,
Closure,99,247.08,True,True,3,72,1.0,0.11604938271604938,0.8839506172839506,3,37,,,,False,,
Collections,23,5.92,True,True,2,51,1.0,0.0,1.0,2,43,,,,False,,
Jsoup,25,208.41,True,True,1,293,0.0,0.0125,-0.0125,1,80,,,,False,,
Collections,1,26.64,False,False,0,37,,,,,,1.0,1.0,0.0,False,,
Jsoup,34,985.25,True,True,2,356,1.0,0.25,0.75,2,92,,,,False,,
Cli,34,79.19,True,True,2,351,1.0,0.0,1.0,2,2,,,,False,,
Csv,1,18.38,True,True,1,46,1.0,0.09523809523809523,0.9047619047619048,1,21,,,,False,,
Collections,27,10.62,True,True,1,94,1.0,0.0625,0.9375,1,16,,,,False,,
JacksonCore,18,894.82,False,False,0,283,,,,,,1.0,1.0,0.0,False,,
Compress,14,39.22,True,True,1,83,0.0,0.15,-0.15,1,20,,,,False,,
Mockito,30,62.7,True,True,1,978,0.0,0.0,0.0,1,3,,,,False,,
Jsoup,42,16.2,False,False,0,390,,,,,,,,,False,,
Cli,32,44.45,False,False,0,38,,,,,,1.0,1.0,0.0,False,,
Jsoup,37,244.16,True,True,1,361,1.0,0.5,0.5,1,10,,,,False,,
Collections,11,8.93,True,True,1,59,1.0,0.125,0.875,1,8,,,,False,,
Jsoup,2,251.72,True,True,1,126,1.0,0.30434782608695654,0.6956521739130435,1,23,,,,False,,
Compress,7,17.53,True,True,1,60,1.0,1.0,0.0,1,4,,,,False,,
Jsoup,43,479.76,True,True,2,402,0.0,0.3169761273209549,-0.3169761273209549,2,42,,,,False,,
Chart,23,13.52,False,False,0,2,,,,,,1.0,1.0,0.0,False,,
Math,72,364.52,False,False,0,210,,,,,,1.0,1.0,0.0,False,,
Math,46,821.58,True,True,2,193,0.0,0.29708404802744426,-0.29708404802744426,2,108,,,,False,,
Compress,30,1106.0,False,False,0,90,,,,,,1.0,0.0,1.0,False,,
Cli,39,2.67,True,True,2,16,0.5,0.6666666666666666,-0.16666666666666663,2,3,,,,False,,
JacksonCore,3,795.09,True,True,1,104,1.0,1.0,0.0,1,1,,,,False,,
Collections,20,49.53,True,True,1,56,0.0,0.125,-0.125,1,16,,,,False,,
Math,28,40.5,True,True,1,25,1.0,0.08695652173913043,0.9130434782608696,1,23,,,,False,,
Math,61,51.29,True,True,1,8,1.0,0.0,1.0,1,2,,,,False,,
Jsoup,14,1252.67,False,False,0,213,,,,,,1.0,1.0,0.0,False,,
Mockito,32,108.57,True,True,1,951,0.0,0.0,0.0,1,15,,,,False,,
Closure,111,541.47,True,True,1,2494,1.0,0.06666666666666667,0.9333333333333333,1,30,,,,False,,
JacksonDatabind,110,41.31,True,True,1,215,1.0,1.0,0.0,1,2,,,,False,,
Chart,22,18.58,True,True,2,44,1.0,0.0,1.0,2,1,1.0,1.0,0.0,False,,
Jsoup,79,107.21,True,True,1,599,0.0,0.0,0.0,1,1,,,,False,,
Cli,33,45.61,True,True,1,40,0.0,0.4375,-0.4375,1,16,,,,False,,
Lang,26,161.15,True,True,1,85,1.0,0.3333333333333333,0.6666666666666667,1,6,,,,True,0.0,0.6666666666666667
Gson,2,167.14,True,True,1,719,1.0,0.0,1.0,1,42,,,,False,,
JxPath,8,11.37,False,False,0,136,,,,,,1.0,1.0,0.0,False,,
Lang,24,16.17,False,False,0,82,,,,,,1.0,1.0,0.0,True,,
Lang,16,20.21,False,False,0,136,,,,,,1.0,1.0,0.0,True,,
Lang,1,,True,True,1,144,1.0,0.5714285714285714,0.4285714285714286,1,7,,,,True,0.7142857142857143,-0.2857142857142857
Math,101,13.75,False,False,0,68,,,,,,,,,False,,
Compress,46,46.03,True,True,1,191,1.0,1.0,0.0,1,3,,,,False,,
Time,4,229.88,True,True,1,760,0.0,0.1724137931034483,-0.1724137931034483,1,58,,,,False,,
Compress,38,518.33,True,True,1,142,1.0,0.0,1.0,1,8,,,,False,,
Compress,4,102.0,True,True,6,70,1.0,0.2916666666666667,0.7083333333333333,6,24,1.0,1.0,0.0,False,,
Lang,36,15.32,False,False,0,77,,,,,,,,,True,,
Lang,29,174.75,True,True,1,630,1.0,0.375,0.625,1,8,,,,True,0.0,0.625
Closure,124,644.84,True,True,1,312,0.0,1.0,-1.0,1,2,,,,False,,
JacksonCore,15,24.06,True,True,1,10,1.0,0.14285714285714285,0.8571428571428572,1,7,,,,False,,
JacksonCore,16,6.83,False,False,0,0,,,,,,1.0,1.0,0.0,False,,
Collections,6,27.08,False,False,0,37,,,,,,1.0,1.0,0.0,False,,
Closure,161,1380.62,True,True,1,164,1.0,0.3333333333333333,0.6666666666666667,1,3,,,,False,,
Math,90,7.57,True,False,1,3,,,,,,,,,False,,
Lang,44,8.83,True,False,1,8,,,,,,,,,True,,
Lang,5,6.58,False,False,0,6,,,,,,1.0,1.0,0.0,True,,
Closure,67,1097.12,True,True,1,130,1.0,0.18181818181818182,0.8181818181818181,1,22,,,,False,,
Math,27,226.83,True,True,1,201,0.0,0.46153846153846156,-0.46153846153846156,1,13,,,,False,,
Gson,3,59.94,True,True,2,664,1.0,0.02857142857142857,0.9714285714285714,2,35,,,,False,,
Chart,20,16.78,True,True,1,294,1.0,1.0,0.0,1,1,,,,False,,
Math,44,218.76,True,True,1,163,1.0,0.007352941176470588,0.9926470588235294,1,136,,,,False,,
Gson,11,176.16,True,True,1,768,0.0,0.010638297872340425,-0.010638297872340425,1,94,,,,False,,
Compress,36,570.55,False,False,0,113,,,,,,1.0,0.75,0.25,False,,
Csv,2,4.68,True,True,1,65,0.0,0.2,-0.2,1,5,,,,False,,
Jsoup,13,528.15,False,False,0,216,,,,,,1.0,1.0,0.0,False,,
JacksonCore,22,36.79,True,True,8,4,1.0,0.0,1.0,8,1,1.0,1.0,0.0,False,,
Math,45,38.77,False,False,0,457,,,,,,,,,False,,
Jsoup,50,60.91,False,False,0,154,,,,,,1.0,0.6666666666666666,0.33333333333333337,False,,
Jsoup,36,18.09,True,True,6,18,1.0,0.25,0.75,1,4,,,,False,,
Collections,24,4.94,True,True,2,124,0.0,0.0,0.0,2,26,,,,False,,
Compress,35,672.23,True,True,1,154,0.0,0.0,0.0,1,1,,,,False,,
Chart,7,15.83,True,True,1,12,1.0,0.6666666666666666,0.33333333333333337,1,6,,,,False,,
Math,105,8.18,True,True,1,5,1.0,0.0,1.0,1,3,,,,False,,
Math,47,775.38,True,True,2,192,0.5,0.6792452830188679,-0.17924528301886788,2,55,,,,False,,
Jsoup,31,685.72,False,False,0,297,,,,,,1.0,1.0,0.0,False,,
Lang,28,13.14,False,False,0,16,,,,,,1.0,1.0,0.0,True,,
Compress,17,67.85,True,True,1,98,1.0,0.3333333333333333,0.6666666666666667,1,3,,,,False,,
Collections,22,19.05,True,True,1,256,0.0,0.25,-0.25,1,4,,,,False,,
Math,94,409.38,True,True,1,534,1.0,1.0,0.0,1,2,,,,False,,
Jsoup,41,450.34,True,True,1,386,1.0,0.5454545454545454,0.4545454545454546,1,11,,,,False,,
Csv,11,36.42,True,True,1,164,1.0,0.1111111111111111,0.8888888888888888,1,36,,,,False,,
JacksonCore,4,164.26,False,False,0,195,,,,,,1.0,1.0,0.0,False,,
Math,75,8.88,True,True,1,3,0.0,0.0,0.0,1,1,,,,False,,
Math,23,45.62,True,True,1,16,0.0,0.2222222222222222,-0.2222222222222222,1,9,,,,False,,
Jsoup,74,1006.14,False,False,0,561,,,,,,1.0,1.0,0.0,False,,
Gson,15,606.59,True,True,1,835,1.0,0.3055555555555556,0.6944444444444444,1,36,,,,False,,
JacksonCore,8,182.89,True,True,1,209,1.0,1.0,0.0,1,1,,,,False,,
Lang,53,12.43,True,False,1,21,,,,,,,,,True,,
Math,62,21.85,True,False,1,0,,,,,,,,,False,,
Time,1,732.72,False,False,0,4001,,,,,,1.0,1.0,0.0,False,,
Lang,56,83.23,False,False,0,28,,,,,,,,,True,,
Math,26,226.29,False,False,0,203,,,,,,1.0,1.0,0.0,False,,
Math,52,785.17,True,True,1,20,1.0,0.0,1.0,1,2,,,,False,,
Mockito,31,44.62,True,True,1,779,0.0,0.5,-0.5,1,2,,,,False,,
JacksonDatabind,28,24.39,False,False,0,163,,,,,,,,,False,,
Collections,13,8.37,False,False,0,9,,,,,,,,,False,,
Mockito,25,69.65,True,True,6,1020,0.6666666666666666,0.0,0.6666666666666666,6,2,,,,False,,
Codec,16,238.36,True,True,1,28,1.0,0.3333333333333333,0.6666666666666667,1,6,,,,False,,
JacksonXml,1,646.31,True,True,1,123,1.0,0.06557377049180328,0.9344262295081968,1,61,1.0,1.0,0.0,False,,
Math,60,132.12,False,False,0,25,,,,,,,,,False,,
Time,10,26.22,True,True,2,364,0.0,0.0,0.0,2,5,,,,False,,
Collections,9,8.48,False,False,0,7,,,,,,1.0,1.0,0.0,False,,
Mockito,15,17.5,True,True,1,22,1.0,0.0,1.0,1,1,,,,False,,
Math,93,569.93,True,True,1,533,1.0,0.4583333333333333,0.5416666666666667,1,24,,,,False,,
Math,2,31.99,True,True,1,14,0.0,0.5,-0.5,1,12,,,,False,,
Lang,13,16.32,False,False,0,207,,,,,,,,,True,,
Mockito,29,11.67,True,True,1,56,1.0,0.3333333333333333,0.6666666666666667,1,3,,,,False,,
Compress,37,498.88,False,False,0,333,,,,,,1.0,1.0,0.0,False,,
Lang,38,154.28,False,False,0,52,,,,,,1.0,1.0,0.0,True,,
Math,50,263.75,True,True,1,35,0.0,0.16666666666666666,-0.16666666666666666,1,6,,,,False,,
Jsoup,29,27.47,False,False,0,298,,,,,,1.0,1.0,0.0,False,,
Gson,9,763.7,True,True,1,771,0.0,0.3235294117647059,-0.3235294117647059,1,34,,,,False,,
Jsoup,27,9.52,False,False,0,16,,,,,,1.0,1.0,0.0,False,,
