bug_id,detail,n_cells,n_mutants_canonical,n_mutants_raw,n_tests_canonical,n_tests_raw,n_trigger,project,status
1,,7655,443,443,436,436,1,Chart,OK
11,,6425,489,489,543,543,1,Chart,OK
12,,142,238,238,201,201,1,Chart,OK
13,,6012,664,664,195,195,1,Chart,OK
16,,1209,306,306,25,25,8,Chart,OK
17,,2595,523,523,60,60,1,Chart,OK
18,,9297,318,318,327,327,4,Chart,OK
2,,10514,971,971,555,555,2,Chart,OK
20,,239,16,16,296,296,1,Chart,OK
21,,834,165,165,17,17,1,Chart,OK
22,,1331,174,174,51,51,6,Chart,OK
23,,326,224,224,5,5,1,Chart,OK
24,,158,39,39,15,15,1,Chart,OK
25,,790,439,439,9,9,4,Chart,OK
26,canonical test id 'org.jfree.chart.axis.junit.CategoryAxisTests::testCloning' collides for TestNo 32 and 65,,,,,,,Chart,PARSER_FAILURE
3,,5151,623,623,86,86,1,Chart,OK
5,,4146,300,300,292,292,1,Chart,OK
6,,2249,37,37,486,486,2,Chart,OK
7,,1790,307,307,16,16,1,Chart,OK
8,,1506,302,302,23,23,1,Chart,OK
9,,2807,530,530,64,64,1,Chart,OK
13,,9172,226,226,427,427,1,Cli,OK
15,,3813,73,73,361,361,2,Cli,OK
3,,14,22,22,1,1,1,Cli,OK
31,,21632,598,598,353,353,1,Cli,OK
32,,3885,335,335,47,47,2,Cli,OK
33,,4086,342,342,48,48,1,Cli,OK
34,,18189,236,236,360,360,2,Cli,OK
35,,5416,42,42,404,404,1,Cli,OK
36,,4523,65,65,294,294,1,Cli,OK
37,,5756,372,372,65,65,1,Cli,OK
38,,5978,385,385,66,66,1,Cli,OK
39,,71,13,13,18,18,2,Cli,OK
40,,168,13,13,35,35,1,Cli,OK
7,,56,58,58,1,1,1,Cli,OK
100,,2555,99,99,71,71,9,Closure,OK
101,,658,70,70,21,21,1,Closure,OK
105,,16164,1445,1445,106,106,1,Closure,OK
107,,10108,176,176,115,115,1,Closure,OK
111,,2533,51,51,2498,2498,1,Closure,OK
12,,5124,72,72,351,351,1,Closure,OK
124,,1650,94,94,316,316,1,Closure,OK
126,,2431,84,84,318,318,2,Closure,OK
127,,6157,108,108,336,336,6,Closure,OK
136,,8923,242,242,101,101,4,Closure,OK
143,,3325,557,557,91,91,3,Closure,OK
147,,4671,244,244,101,101,3,Closure,OK
148,,5675,1057,1057,92,92,6,Closure,OK
15,,9233,184,184,333,333,1,Closure,OK
151,,1945,95,95,39,39,1,Closure,OK
161,,6660,807,807,180,180,1,Closure,OK
163,,15254,315,315,403,403,3,Closure,OK
170,,11650,204,204,376,376,1,Closure,OK
23,,7801,757,757,372,372,1,Closure,OK
28,,1703,21,21,668,668,2,Closure,OK
29,,5005,166,166,291,291,5,Closure,OK
46,,3089,87,87,2095,2095,3,Closure,OK
5,,5498,169,169,314,314,1,Closure,OK
50,,2209,578,578,101,101,2,Closure,OK
53,,5248,201,201,116,116,1,Closure,OK
55,,1187,103,103,96,96,1,Closure,OK
58,,5736,93,93,177,177,1,Closure,OK
67,,12164,270,270,131,131,1,Closure,OK
72,,10911,192,192,420,420,1,Closure,OK
74,,8819,1070,1070,170,170,3,Closure,OK
76,,5162,194,194,107,107,4,Closure,OK
78,,8128,1003,1003,156,156,1,Closure,OK
8,,3549,88,88,282,282,1,Closure,OK
83,,2690,99,99,53,53,1,Closure,OK
85,,2783,98,98,77,77,2,Closure,OK
87,,5106,587,587,112,112,1,Closure,OK
88,,4409,168,168,92,92,7,Closure,OK
9,,719,102,102,117,117,1,Closure,OK
91,,4011,138,138,96,96,1,Closure,OK
97,,3208,741,741,82,82,1,Closure,OK
99,,3023,113,113,75,75,3,Closure,OK
1,,6532,585,585,90,90,5,Codec,OK
10,,797,72,72,13,13,1,Codec,OK
11,,2914,199,199,33,33,5,Codec,OK
12,,2201,128,128,35,35,12,Codec,OK
13,,11513,2185,2185,245,245,2,Codec,OK
14,,8855,525,525,47,47,1,Codec,OK
15,,2365,106,106,32,32,1,Codec,OK
16,,17704,912,912,31,31,1,Codec,OK
17,,297,23,23,380,380,1,Codec,OK
18,,357,30,30,383,383,2,Codec,OK
2,,23558,920,920,50,50,2,Codec,OK
3,,11050,2145,2145,21,21,1,Codec,OK
4,,36817,977,977,72,72,2,Codec,OK
5,,41885,990,990,83,83,2,Codec,OK
6,,588,116,116,10,10,1,Codec,OK
7,,43155,990,990,85,85,2,Codec,OK
8,,43275,1071,1071,86,86,1,Codec,OK
9,,42143,966,966,87,87,1,Codec,OK
1,,3777,624,624,53,53,4,Collections,OK
10,,678,78,78,33,33,2,Collections,OK
11,,865,21,21,62,62,1,Collections,OK
12,,1306,447,447,16,16,1,Collections,OK
13,,1312,448,448,17,17,1,Collections,OK
14,,467,17,17,45,45,1,Collections,OK
15,,1015,60,60,69,69,1,Collections,OK
16,,1033,66,66,70,70,1,Collections,OK
17,,20,3,3,197,197,1,Collections,OK
18,,481,67,67,66,66,1,Collections,OK
19,,837,82,82,74,74,1,Collections,OK
2,,994,444,444,10,10,1,Collections,OK
20,,8689,458,458,63,63,1,Collections,OK
21,,854,76,76,75,75,1,Collections,OK
22,,1533,160,160,258,258,1,Collections,OK
23,,45,1,1,53,53,2,Collections,OK
24,,22,13,13,126,126,2,Collections,OK
25,,261,99,99,287,287,1,Collections,OK
26,,809,17,17,74,74,1,Collections,OK
27,,1163,87,87,101,101,1,Collections,OK
28,,19016,916,916,164,164,1,Collections,OK
3,,881,286,286,138,138,1,Collections,OK
4,,510,73,73,23,23,3,Collections,OK
5,,983,59,59,68,68,1,Collections,OK
6,,3903,624,624,54,54,1,Collections,OK
7,,1170,448,448,14,14,3,Collections,OK
8,,5650,162,162,111,111,1,Collections,OK
9,,1217,448,448,15,15,1,Collections,OK
1,,492,395,395,26,26,1,Compress,OK
10,,4933,386,386,35,35,1,Compress,OK
11,canonical test id 'org.apache.commons.compress.archivers.LongPathTest::testArchive' collides for TestNo 18 and 19,,,,,,,Compress,PARSER_FAILURE
12,canonical test id 'org.apache.commons.compress.archivers.LongPathTest::testArchive' collides for TestNo 21 and 22,,,,,,,Compress,PARSER_FAILURE
13,,5538,266,266,103,103,2,Compress,OK
14,,6594,378,378,85,85,1,Compress,OK
15,,5324,260,260,104,104,1,Compress,OK
16,canonical test id 'org.apache.commons.compress.archivers.LongPathTest::testArchive' collides for TestNo 19 and 20,,,,,,,Compress,PARSER_FAILURE
17,,11309,646,646,102,102,1,Compress,OK
18,canonical test id 'org.apache.commons.compress.archivers.LongPathTest::testArchive' collides for TestNo 21 and 22,,,,,,,Compress,PARSER_FAILURE
19,,2062,224,224,135,135,1,Compress,OK
2,,424,215,215,53,53,1,Compress,OK
20,canonical test id 'org.apache.commons.compress.archivers.LongPathTest::testArchive' collides for TestNo 22 and 23,,,,,,,Compress,PARSER_FAILURE
21,,5144,509,509,15,15,8,Compress,OK
22,,10141,1339,1339,55,55,1,Compress,OK
23,,440,204,204,25,25,1,Compress,OK
24,,15625,618,618,123,123,1,Compress,OK
25,canonical test id 'org.apache.commons.compress.archivers.LongPathTest::testArchive' collides for TestNo 10 and 11,,,,,,,Compress,PARSER_FAILURE
26,,8898,94,94,264,264,2,Compress,OK
27,,15842,615,615,127,127,1,Compress,OK
28,canonical test id 'org.apache.commons.compress.archivers.LongPathTest::testArchive' collides for TestNo 26 and 27,,,,,,,Compress,PARSER_FAILURE
29,canonical test id 'org.apache.commons.compress.archivers.LongPathTest::testArchive' collides for TestNo 22 and 23,,,,,,,Compress,PARSER_FAILURE
3,,612,139,139,82,82,1,Compress,OK
30,,15510,1346,1346,93,93,1,Compress,OK
31,,17850,610,610,153,153,2,Compress,OK
32,,6123,327,327,332,332,1,Compress,OK
33,,434,133,133,42,42,1,Compress,OK
34,,2028,114,114,166,166,1,Compress,OK
35,,16163,557,557,157,157,1,Compress,OK
36,,28694,957,957,120,120,1,Compress,OK
37,,7887,375,375,341,341,1,Compress,OK
38,,10810,447,447,146,146,1,Compress,OK
39,,2340,128,128,177,177,1,Compress,OK
4,,12060,958,958,83,83,10,Compress,OK
40,,2606,144,144,50,50,2,Compress,OK
41,,16988,920,920,348,348,2,Compress,OK
42,,8090,311,311,186,186,1,Compress,OK
45,,16714,575,575,163,163,1,Compress,OK
46,,4013,333,333,194,194,1,Compress,OK
5,,4837,304,304,101,101,1,Compress,OK
6,,2398,150,150,80,80,1,Compress,OK
7,,3192,230,230,61,61,1,Compress,OK
8,,3845,283,283,63,63,1,Compress,OK
9,canonical test id 'org.apache.commons.compress.archivers.LongPathTest::testArchive' collides for TestNo 20 and 21,,,,,,,Compress,PARSER_FAILURE
1,,833,97,97,49,49,1,Csv,OK
10,,3913,279,279,149,149,1,Csv,OK
11,,1767,84,84,168,168,1,Csv,OK
12,,12650,311,311,193,193,1,Csv,OK
13,,21095,648,648,219,219,2,Csv,OK
14,,25689,657,657,245,245,6,Csv,OK
15,,27481,611,611,278,278,1,Csv,OK
16,,4018,112,112,156,156,1,Csv,OK
2,,179,19,19,67,67,1,Csv,OK
3,,3173,96,96,81,81,3,Csv,OK
4,,1289,69,69,134,134,1,Csv,OK
5,,3723,277,277,138,138,1,Csv,OK
6,,257,23,23,117,117,1,Csv,OK
7,,1521,70,70,156,156,1,Csv,OK
8,,8648,307,307,184,184,1,Csv,OK
9,,293,30,30,119,119,1,Csv,OK
1,,491,35,35,449,449,1,Gson,OK
10,,13924,83,83,690,690,1,Gson,OK
11,,12255,284,284,781,781,1,Gson,OK
12,,3902,295,295,784,784,2,Gson,OK
15,,47677,272,272,838,838,1,Gson,OK
17,,210,23,23,590,590,2,Gson,OK
2,,11674,266,266,728,728,1,Gson,OK
3,,4540,34,34,667,667,2,Gson,OK
5,,715,361,361,9,9,1,Gson,OK
6,,356,7,7,684,684,2,Gson,OK
8,,373,15,15,442,442,2,Gson,OK
9,,59782,632,632,789,789,1,Gson,OK
1,,10919,918,918,170,170,1,JacksonCore,OK
10,,33933,1701,1701,292,292,4,JacksonCore,OK
11,,35538,1710,1710,297,297,1,JacksonCore,OK
13,,422,31,31,311,311,1,JacksonCore,OK
14,,4294,52,52,311,311,1,JacksonCore,OK
15,,1735,344,344,14,14,1,JacksonCore,OK
16,,58,45,45,2,2,1,JacksonCore,OK
17,,8124,2218,2218,318,318,1,JacksonCore,OK
18,,28147,4376,4376,322,322,1,JacksonCore,OK
2,,47852,5247,5247,184,184,2,JacksonCore,OK
20,,8934,207,207,384,384,2,JacksonCore,OK
21,,1968,343,343,16,16,3,JacksonCore,OK
22,,2883,369,369,20,20,12,JacksonCore,OK
23,,432,86,86,557,557,1,JacksonCore,OK
24,,18990,987,987,557,557,8,JacksonCore,OK
26,,25601,3310,3310,562,562,1,JacksonCore,OK
3,,28019,3601,3601,139,139,1,JacksonCore,OK
4,,9089,480,480,199,199,1,JacksonCore,OK
5,,314,154,154,4,4,1,JacksonCore,OK
6,,403,181,181,5,5,1,JacksonCore,OK
7,,2431,80,80,117,117,2,JacksonCore,OK
8,,9861,497,497,213,213,1,JacksonCore,OK
107,,3746,42,42,475,475,1,JacksonDatabind,OK
110,,299,27,27,219,219,1,JacksonDatabind,OK
18,,583,67,67,26,26,3,JacksonDatabind,OK
28,,151,10,10,164,164,1,JacksonDatabind,OK
29,,488,108,108,33,33,1,JacksonDatabind,OK
35,,128,20,20,277,277,1,JacksonDatabind,OK
39,,42,10,10,235,235,1,JacksonDatabind,OK
49,,429,26,26,45,45,1,JacksonDatabind,OK
51,,2857,43,43,341,341,1,JacksonDatabind,OK
74,,1084,40,40,373,373,1,JacksonDatabind,OK
88,,1421,41,41,247,247,1,JacksonDatabind,OK
98,,1370,160,160,52,52,1,JacksonDatabind,OK
1,,6518,340,340,134,134,3,JacksonXml,OK
2,,5216,201,201,108,108,1,JacksonXml,OK
3,,6722,336,336,136,136,1,JacksonXml,OK
4,,1829,82,82,138,138,1,JacksonXml,OK
5,,1931,63,63,163,163,1,JacksonXml,OK
6,,10131,534,534,179,179,5,JacksonXml,OK
1,,982,25,25,129,129,1,Jsoup,OK
10,,11140,162,162,189,189,1,Jsoup,OK
11,,3793,153,153,172,172,4,Jsoup,OK
12,,4219,166,166,174,174,1,Jsoup,OK
13,,11538,218,218,227,227,4,Jsoup,OK
14,,17275,968,968,227,227,2,Jsoup,OK
15,,45671,1329,1329,232,232,1,Jsoup,OK
16,,82,12,12,239,239,2,Jsoup,OK
17,,45826,1327,1327,237,237,1,Jsoup,OK
18,,12423,180,180,243,243,3,Jsoup,OK
19,,1071,96,96,17,17,1,Jsoup,OK
2,,15620,185,185,129,129,1,Jsoup,OK
20,,349,52,52,19,19,1,Jsoup,OK
21,,6211,190,190,245,245,2,Jsoup,OK
22,,24032,574,574,289,289,3,Jsoup,OK
23,,25685,387,387,279,279,1,Jsoup,OK
24,,9280,768,768,275,275,1,Jsoup,OK
25,,11746,202,202,295,295,1,Jsoup,OK
26,,421,30,30,21,21,1,Jsoup,OK
27,,378,57,57,19,19,2,Jsoup,OK
28,,20989,224,224,315,315,6,Jsoup,OK
29,,1331,77,77,302,302,1,Jsoup,OK
3,,61871,779,779,146,146,3,Jsoup,OK
30,,601,38,38,22,22,1,Jsoup,OK
31,,17688,872,872,314,314,1,Jsoup,OK
32,,10693,288,288,330,330,1,Jsoup,OK
33,,26834,351,351,356,356,1,Jsoup,OK
34,,24582,380,380,359,359,2,Jsoup,OK
35,,61330,1343,1343,343,343,1,Jsoup,OK
36,,767,100,100,26,26,6,Jsoup,OK
37,,14518,327,327,371,371,1,Jsoup,OK
38,,62484,1344,1344,350,350,1,Jsoup,OK
39,,897,104,104,38,38,1,Jsoup,OK
40,,135,14,14,359,359,2,Jsoup,OK
41,,18645,378,378,397,397,1,Jsoup,OK
42,,127,36,36,392,392,2,Jsoup,OK
43,,19527,384,384,415,415,2,Jsoup,OK
44,,9788,31,31,410,410,1,Jsoup,OK
45,,45067,519,519,414,414,1,Jsoup,OK
46,,14686,102,102,408,408,1,Jsoup,OK
47,,14789,105,105,411,411,1,Jsoup,OK
48,,713,437,437,26,26,1,Jsoup,OK
49,,14706,246,246,434,434,1,Jsoup,OK
5,,21233,199,199,168,168,1,Jsoup,OK
50,,2327,264,264,159,159,1,Jsoup,OK
52,,3229,362,362,445,445,7,Jsoup,OK
53,,16596,256,256,409,409,1,Jsoup,OK
54,,105,39,39,4,4,1,Jsoup,OK
69,,164,38,38,547,547,1,Jsoup,OK
7,,5972,71,71,184,184,1,Jsoup,OK
73,,190,42,42,5,5,1,Jsoup,OK
74,,33192,229,229,565,565,1,Jsoup,OK
75,,22955,228,228,588,588,1,Jsoup,OK
77,,782,80,80,587,587,1,Jsoup,OK
78,,6135,287,287,223,223,1,Jsoup,OK
79,,3093,26,26,601,601,1,Jsoup,OK
8,,10815,149,149,185,185,1,Jsoup,OK
80,,889,85,85,593,593,1,Jsoup,OK
81,,6714,290,290,228,228,1,Jsoup,OK
82,,7376,287,287,233,233,1,Jsoup,OK
84,,250,47,47,6,6,1,Jsoup,OK
85,,2113,103,103,623,623,1,Jsoup,OK
86,,307,34,34,610,610,1,Jsoup,OK
88,,2119,103,103,629,629,1,Jsoup,OK
89,,2146,104,104,630,630,1,Jsoup,OK
93,,196,40,40,639,639,1,Jsoup,OK
1,,7294,832,832,296,296,2,JxPath,OK
10,,296,46,46,139,139,1,JxPath,OK
11,,2085,178,178,88,88,2,JxPath,OK
12,,6313,468,468,331,331,1,JxPath,OK
13,,8378,531,531,332,332,1,JxPath,OK
14,,2259,459,459,276,276,1,JxPath,OK
15,,202,21,21,341,341,2,JxPath,OK
16,,9817,858,858,349,349,4,JxPath,OK
17,,2201,175,175,97,97,2,JxPath,OK
18,,1344,49,49,350,350,2,JxPath,OK
19,,10148,798,798,361,361,2,JxPath,OK
2,,1588,15,15,297,297,1,JxPath,OK
20,,312,48,48,140,140,1,JxPath,OK
21,,2989,92,92,348,348,2,JxPath,OK
22,,7305,445,445,372,372,1,JxPath,OK
3,,632,91,91,301,301,1,JxPath,OK
4,,8224,829,829,315,315,6,JxPath,OK
5,,15193,269,269,324,324,1,JxPath,OK
6,,1495,61,61,327,327,1,JxPath,OK
7,,288,60,60,137,137,1,JxPath,OK
8,,235,46,46,138,138,1,JxPath,OK
9,,2425,76,76,329,329,1,JxPath,OK
1,,4753,940,940,173,173,1,Lang,OK
10,,13604,303,303,163,163,2,Lang,OK
11,,503,201,201,11,11,1,Lang,OK
12,,473,198,198,10,10,2,Lang,OK
13,,316,30,30,208,208,1,Lang,OK
14,,9594,3096,3096,834,834,1,Lang,OK
15,,469,240,240,10,10,2,Lang,OK
16,,3442,868,868,164,164,1,Lang,OK
17,,1168,42,42,45,45,1,Lang,OK
19,,815,162,162,32,32,2,Lang,OK
20,,10248,3120,3120,585,585,2,Lang,OK
21,,7017,594,594,116,116,1,Lang,OK
22,,4477,901,901,25,25,2,Lang,OK
23,,887,266,266,8,8,1,Lang,OK
24,,2718,856,856,110,110,1,Lang,OK
26,,15203,779,779,93,93,1,Lang,OK
27,,2714,852,852,110,110,1,Lang,OK
28,,336,87,87,20,20,1,Lang,OK
29,,33990,159,159,636,636,1,Lang,OK
3,,4524,898,898,172,172,1,Lang,OK
30,,8381,2872,2872,582,582,10,Lang,OK
31,,7597,2728,2728,571,571,2,Lang,OK
32,,2451,311,311,45,45,1,Lang,OK
33,,4293,403,403,255,255,1,Lang,OK
34,,24657,551,551,344,344,27,Lang,OK
35,,16352,2086,2086,795,795,1,Lang,OK
36,,2670,842,842,110,110,2,Lang,OK
37,,15615,2086,2086,657,657,1,Lang,OK
38,,14546,779,779,59,59,1,Lang,OK
39,,7150,2638,2638,523,523,1,Lang,OK
4,,1061,41,41,137,137,1,Lang,OK
40,,7084,2625,2625,516,516,1,Lang,OK
41,,4163,400,400,241,241,2,Lang,OK
43,,705,233,233,7,7,1,Lang,OK
44,,1061,607,607,20,20,1,Lang,OK
45,,670,315,315,82,82,1,Lang,OK
46,,519,230,230,87,87,1,Lang,OK
47,,15308,1821,1821,206,206,2,Lang,OK
49,,4322,875,875,25,25,1,Lang,OK
5,,318,177,177,13,13,1,Lang,OK
50,,6715,778,778,35,35,2,Lang,OK
51,,528,386,386,190,190,1,Lang,OK
52,,359,163,163,74,74,1,Lang,OK
53,,1143,464,464,31,31,1,Lang,OK
54,,312,192,192,12,12,1,Lang,OK
55,,299,100,100,6,6,1,Lang,OK
56,,6174,780,780,33,33,1,Lang,OK
57,,239,183,183,11,11,11,Lang,OK
58,,3591,1003,1003,256,256,1,Lang,OK
59,,14334,1757,1757,186,186,1,Lang,OK
6,,1330,42,42,142,142,1,Lang,OK
60,,14305,1757,1757,185,185,1,Lang,OK
61,,14175,1756,1756,184,184,2,Lang,OK
63,,2016,455,455,16,16,1,Lang,OK
65,,1139,464,464,30,30,1,Lang,OK
7,,3469,882,882,166,166,1,Lang,OK
8,,24332,662,662,154,154,2,Lang,OK
9,,14087,306,306,165,165,2,Lang,OK
1,,36618,868,868,313,313,2,Math,OK
100,,3791,160,160,48,48,1,Math,OK
101,,3874,165,165,70,70,2,Math,OK
102,,2408,418,418,30,30,6,Math,OK
103,,593,112,112,20,20,1,Math,OK
104,,17593,343,343,134,134,1,Math,OK
105,,1733,314,314,9,9,1,Math,OK
106,,259,67,67,16,16,1,Math,OK
11,,556,111,111,10,10,1,Math,OK
12,,3842,204,204,705,705,3,Math,OK
13,,5134,100,100,88,88,1,Math,OK
14,,2189,38,38,92,92,1,Math,OK
2,,1654,181,181,16,16,1,Math,OK
21,,427,118,118,24,24,2,Math,OK
22,,1708,289,289,98,98,2,Math,OK
23,,5367,370,370,17,17,1,Math,OK
24,,5031,369,369,16,16,1,Math,OK
25,,1302,355,355,7,7,1,Math,OK
26,,27816,460,460,213,213,1,Math,OK
27,,27816,460,460,213,213,1,Math,OK
28,,2435,139,139,26,26,1,Math,OK
29,,1734,384,384,78,78,3,Math,OK
3,,48330,1746,1746,2257,2257,1,Math,OK
30,,268,125,125,3,3,1,Math,OK
31,,7852,76,76,317,317,2,Math,OK
32,,2812,305,305,23,23,1,Math,OK
33,,9386,512,512,28,28,1,Math,OK
34,,373,52,52,24,24,1,Math,OK
35,,277,37,37,12,12,4,Math,OK
36,,7593,385,385,94,94,2,Math,OK
37,,13361,698,698,296,296,4,Math,OK
4,,1154,74,74,52,52,2,Math,OK
40,,10435,548,548,90,90,1,Math,OK
41,,6676,274,274,236,236,1,Math,OK
42,,8972,512,512,27,27,1,Math,OK
43,,1781,246,246,78,78,6,Math,OK
44,,10744,125,125,164,164,1,Math,OK
45,,1118,149,149,460,460,1,Math,OK
46,,12213,573,573,199,199,2,Math,OK
47,,12325,577,577,199,199,2,Math,OK
48,,2113,126,126,36,36,1,Math,OK
49,,611,450,450,35,35,1,Math,OK
5,,10748,698,698,274,274,1,Math,OK
50,,2092,123,123,36,36,1,Math,OK
51,,2133,146,146,36,36,1,Math,OK
52,,6938,2753,2753,28,28,1,Math,OK
53,,8456,528,528,179,179,1,Math,OK
55,,6053,871,871,88,88,1,Math,OK
56,,354,153,153,5,5,1,Math,OK
57,,224,89,89,4,4,1,Math,OK
58,,1191,252,252,8,8,1,Math,OK
60,,788,125,125,26,26,1,Math,OK
61,,254,65,65,12,12,1,Math,OK
62,,118,71,71,2,2,1,Math,OK
64,,43660,1226,1226,57,57,2,Math,OK
65,,6747,144,144,77,77,1,Math,OK
66,,3453,362,362,10,10,4,Math,OK
67,,264,189,189,2,2,1,Math,OK
68,,35744,1211,1211,44,44,2,Math,OK
69,,1067,158,158,17,17,2,Math,OK
70,,164,36,36,16,16,1,Math,OK
72,,24869,362,362,215,215,1,Math,OK
73,,24843,362,362,215,215,1,Math,OK
74,,11737,304,304,56,56,1,Math,OK
75,,366,108,108,8,8,1,Math,OK
76,,3122,404,404,17,17,2,Math,OK
77,,4579,1102,1102,346,346,2,Math,OK
78,,13074,222,222,118,118,1,Math,OK
8,,450,68,68,22,22,1,Math,OK
82,,1604,126,126,14,14,1,Math,OK
83,,5135,454,454,17,17,1,Math,OK
84,,294,75,75,5,5,2,Math,OK
85,,1388,93,93,93,93,1,Math,OK
86,,893,240,240,12,12,2,Math,OK
87,,4749,449,449,16,16,1,Math,OK
88,,4425,443,443,15,15,1,Math,OK
89,,349,83,83,7,7,1,Math,OK
9,,946,91,91,35,35,1,Math,OK
90,,350,83,83,7,7,1,Math,OK
91,,5668,378,378,62,62,1,Math,OK
92,,19936,1110,1110,548,548,1,Math,OK
93,,18327,915,915,547,547,1,Math,OK
94,,9825,855,855,547,547,1,Math,OK
95,,544,81,81,23,23,1,Math,OK
96,,6865,484,484,171,171,1,Math,OK
97,,7241,364,364,130,130,1,Math,OK
98,,20541,1977,1977,133,133,2,Math,OK
99,,23815,1188,1188,561,561,2,Math,OK
12,,111,7,7,20,20,10,Mockito,OK
15,,217,10,10,23,23,1,Mockito,OK
25,,241,11,11,1026,1026,6,Mockito,OK
28,,335,17,17,28,28,1,Mockito,OK
29,,38,9,9,58,58,1,Mockito,OK
30,,358,21,21,979,979,1,Mockito,OK
31,,109,14,14,780,780,1,Mockito,OK
32,,1664,14,14,952,952,1,Mockito,OK
37,,1795,32,32,303,303,2,Mockito,OK
38,,707,25,25,102,102,2,Mockito,OK
1,,44482,407,407,4011,4011,1,Time,OK
10,,1334,122,122,371,371,2,Time,OK
11,,578,542,542,8,8,1,Time,OK
12,,6200,629,629,1674,1674,8,Time,OK
16,,22337,219,219,2596,2596,7,Time,OK
2,,43268,389,389,4011,4011,1,Time,OK
22,,11681,185,185,1875,1875,2,Time,OK
24,,42884,222,222,1038,1038,7,Time,OK
27,,91713,1277,1277,739,739,1,Time,OK
3,,1133,162,162,1307,1307,5,Time,OK
4,,11911,371,371,770,770,1,Time,OK
5,,5039,550,550,1950,1950,3,Time,OK
7,,22878,219,219,2703,2703,2,Time,OK
