acq_hash,project,bug_id,active,pre_outcome_eligible,pre_outcome_exclusion_reason,already_attempted,existing_valid_matrix,terminal_status,needs_execution
00947bcfd907d8b82c5a3da3f0a3d6a042b826226e9797a2eb0af1b05d578d47,JacksonDatabind,66,YES,YES,,NO,NO,PENDING,YES
00b051543691ccac558249e0881b3dfedb2e396f3aa2e5b87d6c548c2efe4d18,Collections,26,YES,YES,,NO,NO,PENDING,YES
00e52d9b5d2e81e837c2c9cc28f743187e2a08a99fee7aeab7bb3f5e9bdf6040,Jsoup,38,YES,YES,,NO,NO,PENDING,YES
0148b6160d2086045e4b9d086e6b1ce9814a7549c10558c9c271e4809b9a611f,Compress,43,YES,YES,,NO,NO,PENDING,YES
014a7e338df355dd2e0d51af111b121055058446497ca81526c007dbc3924bac,Lang,60,YES,YES,,YES,YES,COMPLETE_VALID,NO
0155077af7c148ba24f0b6dcc9eb884efaa0e4b37228a059975b8bdb927e62e0,JacksonDatabind,39,YES,YES,,NO,NO,PENDING,YES
01797056030cd079a1a7a7913de3eb219a3ed227ef070e246b5ae358f6cb367a,JacksonCore,20,YES,YES,,NO,NO,PENDING,YES
01f35d96781b22847d1b181a59d841dc7c181daec663ad95e85b7a9466c40ce0,Closure,59,YES,YES,,NO,NO,PENDING,YES
0214500b560b71e6e32d9026eac55f193b138fdf516cd530f2072d87732199ba,Csv,5,YES,YES,,NO,NO,PENDING,YES
026ea3cc0624a1c48186d6151965732b2e7102f02bc5a9b80729b4cece1c4de8,Cli,5,YES,YES,,NO,NO,PENDING,YES
0316b7ad07737263eb97fb6a19f8e32d47f16420a028d3f4e9e950a5f4e5882a,JacksonDatabind,86,YES,YES,,NO,NO,PENDING,YES
034741316812a76588744b2d04ec827dac0b274757425b2549a13a409e3a3f4f,Closure,172,YES,YES,,NO,NO,PENDING,YES
035f61e660ef1e14742ff57996a173df49dfb3f9970dc7e7def2137725d8814e,Jsoup,12,YES,YES,,NO,NO,PENDING,YES
03e950807d50687971aaeb9fdddfe9ee4f4a48a61ef992d6e882fe5de3cbe0c3,Jsoup,81,YES,YES,,NO,NO,PENDING,YES
040e22b24631e8236553461d8c0b20b391993add09c5346b76da21a93c19ff85,Closure,70,YES,YES,,NO,NO,PENDING,YES
0528a992db9b9329e008637fee9b056df5df762dadaeb6f614a48d86ca7050ee,JacksonCore,9,YES,YES,,NO,NO,PENDING,YES
05bee8368ae57a0408e772f689e40457007bb228f6da23d1bb051dad7de8ad34,Mockito,3,YES,YES,,NO,NO,PENDING,YES
05c02d8a6971fb03e68316b36333181f776a7acf50ae27506a264e6c224d71ae,Math,43,YES,YES,,NO,NO,PENDING,YES
06125e0c2341e6b614b68a539d781c1fb7999d844aaeae09d8f25d793a2e2712,Jsoup,57,YES,YES,,NO,NO,PENDING,YES
0671b5968a6e65758e8cf2a5055997f2460f8e9f8dcab6c352d762448dc43ba7,Math,57,YES,YES,,NO,NO,PENDING,YES
067fdd9e8b609700c20a296c2267468c9bf245fa94af5dff3c82c05296f06183,Jsoup,91,YES,YES,,NO,NO,PENDING,YES
06dabd4dc352924050509e31a1a6dfa485677b9a154bfb3d112330da966cf684,Lang,39,YES,YES,,YES,YES,COMPLETE_VALID,NO
06dcb43c6077ddd8bdc48d2c3218e642509f177aac4ccd3f60cadb460053cd3b,Cli,21,YES,YES,,NO,NO,PENDING,YES
072d9117ab33b9e753051c25ae3f46b7d81ae4061960ea9c5a210d925a72a723,JacksonDatabind,97,YES,YES,,NO,NO,PENDING,YES
076c3ade56ac43a2e3fe91519523951c3c1eae36773d061959037087c398e627,JacksonDatabind,67,YES,YES,,NO,NO,PENDING,YES
07ae7fbead5c183412b80ef2967fa61eca56d42455ca4e2ef32c38df6c01bb76,Compress,22,YES,YES,,NO,NO,PENDING,YES
07f7bbff7ee9cd2bf9a3a16bb3387fdec9521058de4cb05ddb8d82cfd64a190a,Math,74,YES,YES,,NO,NO,PENDING,YES
08096672d4e430a69955b3740015476f6054bdbe675f23de88c97dbed9dfdf17,Compress,11,YES,YES,,NO,NO,PENDING,YES
085f36eb66bda5aad60fd59c8a4d02e8acf75237a9c0d7abb934e0bd9293104d,Math,91,YES,YES,,YES,YES,COMPLETE_VALID,NO
08b4cd82ab509f8635b1a71ffd8e550fe5d1b80552a467aab7a2c5ea05b23fda,Jsoup,85,YES,YES,,NO,NO,PENDING,YES
097a756e3f2adfe2a673880c09deaa77c91f7717b33506d16383a81f8fc31180,Jsoup,23,YES,YES,,NO,NO,PENDING,YES
0988aed76f7f4bb6ba356eb844ef7e616570b2bf56cb69e0fbddc58c52876454,JacksonDatabind,83,YES,YES,,NO,NO,PENDING,YES
09fdd05d7c5ba3d107d213b24f739937f8a6ffba4420d99ac2fe73e8220faeba,Math,102,YES,YES,,NO,NO,PENDING,YES
0a03bf743915bcea9a3e766fc73e3f698c571ebc81603e040a49d0594bdbd7f4,Jsoup,78,YES,YES,,NO,NO,PENDING,YES
0a0d12f46c4c2b28e507a8b38cb9b18d496fe8eaec38f54e5178c618e37a9a00,Time,15,YES,YES,,NO,NO,PENDING,YES
0a1841fbfbb687c232801bd1855a7cc72d1c3d6ae9c055bf8a1b68eae0f3d3e6,Closure,164,YES,YES,,NO,NO,PENDING,YES
0a229ebd04e9bb6429eb2f51d7019f6753d66a4c47e0e03c873ff9520fcd78cb,Chart,17,YES,YES,,NO,NO,PENDING,YES
0a66455ecc0480e24cbfae68af5d8d85c1414b5d3fb34b9405a8d93a3f7be84a,Chart,18,YES,YES,,NO,NO,PENDING,YES
0b01cb7dac11ff77d101cfbd85defda025b22a1b83317c48a02f24c59ad36a86,JacksonDatabind,111,YES,YES,,NO,NO,PENDING,YES
0c2469c63257e55bb7e14d6a8f7dd334d4d140d8faa95cadbd58553934a15b3a,Jsoup,44,YES,YES,,NO,NO,PENDING,YES
0c6dd6497dc7a951e45c39d6c688daed1ea2f116671e6468606b54a6e43fa868,Csv,8,YES,YES,,NO,NO,PENDING,YES
0cbe51c301dab9f3dae4ff23cf129d8f3be049f2dca929d77515bb2939c4655d,JacksonDatabind,3,YES,YES,,NO,NO,PENDING,YES
0d974a9e1d1b6960ada81a5a83e3dbd14bc48e4dbc0442771539daf6c82c9fff,Math,21,YES,YES,,NO,NO,PENDING,YES
0dac2bdc3fbc2108741c9c18ec5156b3d8ae86028a1b601b5a02f101fd4c8c83,JacksonDatabind,11,YES,YES,,NO,NO,PENDING,YES
0e755b99b84d699fe87b0acba13b730c00b11e43e800b82f53960797a3b3cddf,Lang,27,YES,YES,,YES,YES,COMPLETE_VALID,NO
0ea1a62a7e29c41764665bb6c1eacca07bdc269122e877053e55cb3fbd25f4aa,Jsoup,46,YES,YES,,NO,NO,PENDING,YES
0ebb260237db85991c7dd3716a4d3dbd3f33647d82a1552a85ca27211877f7cb,Closure,150,YES,YES,,NO,NO,PENDING,YES
0f4b9705088205f214c284a544c02f60043d724f08f782736f32219d1dd7741d,Closure,43,YES,YES,,NO,NO,PENDING,YES
0f639395f5f95c3153bbb954c3a1151e48b8a8c4f3ab2a416342de67017a1af6,Codec,10,YES,YES,,NO,NO,PENDING,YES
10b9ae72033c7f8f82c0d85e6019aac10dab3b9a990f417ba35655da051f7fc4,Cli,15,YES,YES,,NO,NO,PENDING,YES
115d6c770f1cc895c057e5259428c296565158336163aa2d9b151844b9132793,Compress,39,YES,YES,,NO,NO,PENDING,YES
1166d6ca49aa4c38b56098e6802a53674b6d3f50027d2c509742fe755a9b108f,Math,12,YES,YES,,YES,YES,COMPLETE_VALID,NO
11c582b02dc84d08c6366f620bb9ad5c61c9e13ba0aae9a1888375b0f94a00ea,Jsoup,20,YES,YES,,NO,NO,PENDING,YES
127f366bd261e85cf82107a5797b2fe8b357f9a7a26e4cd0127bf3bb49b1ca56,JacksonDatabind,99,YES,YES,,NO,NO,PENDING,YES
133698ec317e744b338403d251a87108e31156df5a1aff68fd1979b06cf9b35c,Math,40,YES,YES,,NO,NO,PENDING,YES
13c8756d1416eef23cdbf92c15f4e555d46bc8d9d8907e02b550b8775f4f0235,Codec,13,YES,YES,,NO,NO,PENDING,YES
13d8d0230f98462acb32110d92c11e31815031cfa1b7a6c4cd1b9b6aad430e16,Mockito,37,YES,YES,,NO,NO,PENDING,YES
14120e11784692e68c7c5d633c3066f9c4f64b27b3c24e6fcfec1874ebc71695,Math,99,YES,YES,,YES,YES,COMPLETE_VALID,NO
141fb14483934a8a46d2c5439881bbcf5e7645b8c38d42331303b8060e424feb,Math,33,YES,YES,,YES,YES,COMPLETE_VALID,NO
14444c1c02315c9a8c3b04f0fe9298f488d2fe42f342395cd37c3b08fb99f59a,Chart,13,YES,YES,,NO,NO,PENDING,YES
150d578b69a1bbcfed09a515e504e74cc276e824e6f7e622ee22525e7589023a,Closure,145,YES,YES,,NO,NO,PENDING,YES
15252c0aa317885a23ffa282b5cb104d341388870ddec0932ff3e751a266f596,Math,82,YES,YES,,NO,NO,PENDING,YES
158857add28f564f02e15d75c8abf9daa4eacbda60ae8fc22faf018da7336909,JacksonCore,2,YES,YES,,NO,NO,PENDING,YES
15ce21d2fe712244c13079e2809e433cf937a66b8ff3b9239e8f9f871a2d0305,Closure,68,YES,YES,,NO,NO,PENDING,YES
15dd2ebd49e1e953dac424f9efde28d8b8c8f9c1b442e77664e86fef32a4f8ae,Collections,15,YES,YES,,NO,NO,PENDING,YES
15de3e94b4fa2f7be198128bc672a89489839e3b0c268f100fac8acb55f3f1a1,Closure,104,YES,YES,,NO,NO,PENDING,YES
166590bd88a4db924bd69aa8b754e62625623d011f56c8edf97fd99d75805ea5,Closure,101,YES,YES,,NO,NO,PENDING,YES
16aaa217f499617260f63fc3586f3a77f6ebbeecba64a7b75648ade52023a42f,Mockito,7,YES,YES,,NO,NO,PENDING,YES
17329fe81f13a44975026d16d9bfd69eceaab3f24c3e1c396de98ba132ad67ed,Closure,165,YES,YES,,NO,NO,PENDING,YES
173f72a57428fd3d7b499c8ea282512bed41f5d1476d8acb3ca86b6698da48bf,Cli,10,YES,YES,,NO,NO,PENDING,YES
17535adb4da0935338bd2528f035b57e88403ee9d3fb0bdedc2bf768d2052507,Math,5,YES,YES,,YES,YES,COMPLETE_VALID,NO
17fd122daa53c01b3327d97b95f5f46122f84ccbd8e7da252b3a92104155ed43,JacksonCore,13,YES,YES,,NO,NO,PENDING,YES
18256865b1fabd73d3990f28a165a2b4a0789a43aaa2817b14bfadbedb8b6581,Closure,74,YES,YES,,NO,NO,PENDING,YES
18317d3d134894874b5e6a52752d3c4185fcd36e057248f82f1f4e4465e95ef7,Cli,27,YES,YES,,NO,NO,PENDING,YES
186e7660493c25697e8931e646de1236362be43bc63defa0fe10fa9b58efe1ad,Math,9,YES,YES,,YES,YES,COMPLETE_VALID,NO
187cd19b3b4617aec211faeadf741a10958b2bbafa968a05b822ef337ff93bff,Closure,17,YES,YES,,NO,NO,PENDING,YES
195ab1a642767f5b76267c92d33956bccc1467ca37a839f9ce803a97baa27d25,Closure,19,YES,YES,,NO,NO,PENDING,YES
195faf49e036ef132121f953729639b91b573e886a9a8b853ac6fce42eae54e8,Time,11,YES,YES,,NO,NO,PENDING,YES
197f3451e248dae949c6a8b80aed86cc0b581b45e5ad80523170f45cc53092e4,Closure,129,YES,YES,,NO,NO,PENDING,YES
1a4ab027754ff1593646be0dfe023b2ebebb0b199e273d48aaa505f1cadf74ec,Math,70,YES,YES,,YES,YES,COMPLETE_VALID,NO
1a6d517c4d98571fd1a84ad6f5e5c28301245edced226e3edecfc217c5df091f,Lang,40,YES,YES,,YES,YES,COMPLETE_VALID,NO
1aa95a2650fba570cb3da3c8cda8f0a5f2faf87383824778646ae729f6a89c64,Closure,133,YES,YES,,NO,NO,PENDING,YES
1ae5716d4dcfd0e27fca89b3a3b154c4a50c9479816e24e3e82ee4f38e6cc545,Gson,1,YES,YES,,NO,NO,PENDING,YES
1af998770567923ee899d80f058e93ad501111a6dd373e388bb8f4a6f378b13d,Mockito,22,YES,YES,,NO,NO,PENDING,YES
1b070f9043e7ae4291be93e39d7312aed597661cdf694873f6e2ba5a6a3fb1ea,JacksonXml,2,YES,YES,,NO,NO,PENDING,YES
1bb31eebc6b79e307c6c2da2a9ee05a8a6dce5058600c3844b616f2ffa4cd614,Jsoup,76,YES,YES,,NO,NO,PENDING,YES
1cbcff60f1a852fbf18dea34b7c782050fbb9d01a90215b703a848db9a39748a,Closure,95,YES,YES,,NO,NO,PENDING,YES
1ce71398a5f1f5fe32ab0e56a4e3b92c08206b62d6a9e7d673feb91362cab779,Closure,13,YES,YES,,NO,NO,PENDING,YES
1cf0adc16cb593b24459ccf45f861a636c346de78f05c9f4f986126383cc4a3a,Cli,3,YES,YES,,NO,NO,PENDING,YES
1d23494e3e69e8d1cc77166f8e2df45f7929dad285ca53a1ae1cb1f6119c5743,JacksonCore,17,YES,YES,,NO,NO,PENDING,YES
1d9fbdaa2fbacfa8dca9b1e3a9bf8bf69e3d45ac2625acfee239cb2eca2d42c9,JacksonCore,26,YES,YES,,NO,NO,PENDING,YES
1da1790814d75f0bd30fd2b080d43383fc995a49e4ea2cf1dae5b1d7063d2628,Gson,8,YES,YES,,NO,NO,PENDING,YES
1ea4b9f0252735bf347556b556dc0e6c306e6f2f044014fb6eb756ed95b3cc92,Closure,83,YES,YES,,NO,NO,PENDING,YES
1ebeeaf9a325ca9bf3adf23d62ee23a0d6915fbd490ab328fe4368e791778285,Jsoup,65,YES,YES,,NO,NO,PENDING,YES
1ee27af54689a1b97a98d9f5f0cf576b4a5414bb0b7bf49c367152a3fd6469f4,Lang,12,YES,YES,,YES,YES,COMPLETE_VALID,NO
1f028423369de9696a69144b5a8ffe86a27ed23a8397c261d6739b68563fde82,Closure,14,YES,YES,,NO,NO,PENDING,YES
1f25b62343f8ed1563b16cd97c5f49791d8712312c3e7e7d38c0c86991707f8d,Math,77,YES,YES,,YES,YES,COMPLETE_VALID,NO
1f858c8ae017de8819303a30caca3210c470acf6b6335c0f3e9e773d32510251,Jsoup,49,YES,YES,,NO,NO,PENDING,YES
1fc0247cc8690a2c6d50aceba8680b5ad4a4d670dca4ebdd1b2b3188882b2ceb,Closure,80,YES,YES,,NO,NO,PENDING,YES
202a8911edd5b30ef41f7108de8d4e6979f0500831b15541040788f737d85557,Closure,73,YES,YES,,NO,NO,PENDING,YES
2038a9e9f2e2199999b06bc981f74928bb01f43f55605f5754652f0ff58ffff9,Closure,125,YES,YES,,NO,NO,PENDING,YES
20d922bc00e80ccfcc280006e146267172dcb2d6c484f19d8113bc676296baf0,Csv,6,YES,YES,,NO,NO,PENDING,YES
20e3e7e733e627ceff1405a6ecaf64a04f32a5c4262da951409e27c23251a8bb,Mockito,11,YES,YES,,NO,NO,PENDING,YES
2143f4977bfd454e1ce6e3b56c39e9dcfaee20033543f3f6993aa05b32a2e5fe,Lang,43,YES,YES,,YES,YES,COMPLETE_VALID,NO
217e3d7316811375ab7303668478552edd1cb47bdd01ff1bb23577177cf7fad6,Cli,22,YES,YES,,NO,NO,PENDING,YES
21d7fec5e51a3a55d99a3b7df19888f56242e71fc66111517accae9c397cc104,Math,67,YES,YES,,YES,YES,COMPLETE_VALID,NO
224fdc0a74775469698e783a334d8009bf0472f6f996b203d04588a4e5c61535,JacksonDatabind,100,YES,YES,,NO,NO,PENDING,YES
230ad558ab85caa62879b2fc915d73a3a164dfba1ec3de529eb05cabfe6c7f20,JacksonDatabind,51,YES,YES,,NO,NO,PENDING,YES
231227774b88bc33be36e7e3e80ac2bfffd947e181b6af9230d80d3d9c6c02bc,JacksonDatabind,59,YES,YES,,NO,NO,PENDING,YES
2318118de311bf6fd7379e432117e8f8d2a6f99166b724035a9fcef547493e7a,JacksonXml,6,YES,YES,,NO,NO,PENDING,YES
240c22456d65ebf72f2a3d6425433bf590c65247793f200c7cc0447d6961df73,Math,49,YES,YES,,YES,YES,COMPLETE_VALID,NO
241f4ba1bc0244027507d5a514e7c6882105668a0216990419f27a01cdef35b4,Chart,3,YES,YES,,NO,NO,PENDING,YES
24631bfeac02a68757e27d68a016b047edabbb1696efbf90d305328527d04feb,Closure,81,YES,YES,,NO,NO,PENDING,YES
24f22529dcc92d66ad2b1ab3d79dc42ad270aee3b6c5149b362c5fef5f220e77,Csv,7,YES,YES,,NO,NO,PENDING,YES
250734ba975adf05d0467c58913fed195c5d27cff6aea9cad89b06d98408f549,JacksonDatabind,82,YES,YES,,NO,NO,PENDING,YES
2524d022a734e278573eaeffa084b2722e7572b2ded290fdb07d03effaa52f07,Math,65,YES,YES,,NO,NO,PENDING,YES
25296ade26594da9ac6661cfffc657cc0c64068137d133f4fd54cdd8c2f851f2,Closure,106,YES,YES,,NO,NO,PENDING,YES
252d078a0a6db3d049552b62c2855e68c6d3009b62371bef2b5b7332a1a315df,Time,17,YES,YES,,NO,NO,PENDING,YES
253a89ec98edc7d15a99357df3c95a732921dd4e218592c217ebe4a65121d02f,JacksonDatabind,72,YES,YES,,NO,NO,PENDING,YES
2546d21635b87d4bcea60b39c5e1574a96df3e16db6909201715dff20dd5a695,Lang,51,YES,YES,,YES,YES,COMPLETE_VALID,NO
25568a50264fffd92094e045e8dc943efc949da6f3bac59660ca6f9c22feb3e3,Math,69,YES,YES,,NO,NO,PENDING,YES
25ee96f247db82d0a0d4a72fa3e8aae3625383f2c2f4910b1a95e259f12c73e3,Gson,13,YES,YES,,NO,NO,PENDING,YES
265194e7bdcb5990da6b11d8eee06766ccc69b7b7f3fe84d14f60ffd84bd95b6,JacksonDatabind,29,YES,YES,,NO,NO,PENDING,YES
26889b6440b07d2b0ad46292b76c308e390cde53645a1d8beb5162c431feffe9,JacksonCore,25,YES,YES,,NO,NO,PENDING,YES
26e2ecc0a5faac92ab1ee6717991258032d812e934001bc5c22d2c6179ca3131,Lang,3,YES,YES,,YES,YES,COMPLETE_VALID,NO
273d64a56b24f4c91c85099ed66b45130d3ffdaec244210607517a81c1ad31fd,Jsoup,21,YES,YES,,NO,NO,PENDING,YES
273f863ea48b204039584696a3e7fa3cee5433994a2f525f363f94883e2d6c05,JacksonDatabind,92,YES,YES,,NO,NO,PENDING,YES
28116fafbecdaa4d71391214f3445d9377e3f6100d07419247bf007656f36186,Collections,3,YES,YES,,NO,NO,PENDING,YES
28546ef88fe767b3fcef718510e3770fb46c127d169976ed4fefe12dc15b1eea,Csv,4,YES,YES,,NO,NO,PENDING,YES
28b6aa73c180b3b0638eedf02be5a057257baeeb70b8ec290933a0e1a2f8b91f,JacksonDatabind,112,YES,YES,,NO,NO,PENDING,YES
28be83360cf6705f3128d0f6da5fd6029b302500860cb758d1a7cbf28dc085ee,Closure,55,YES,YES,,NO,NO,PENDING,YES
28f2c029234e9ec9e19d64edaf0c3f82aae3b130db11018ef4d70ccec6a372f7,JacksonDatabind,60,YES,YES,,NO,NO,PENDING,YES
292ea22ccac5d72c06d320ca59e1e7e5fad1dc709a6100fd0a00e31e37c6ade1,JacksonDatabind,69,YES,YES,,NO,NO,PENDING,YES
2989a21167c142dd5310007f4afe5be451c51ca018c6dc7bdfd981299a369db1,Closure,6,YES,YES,,NO,NO,PENDING,YES
298f7c2f3ff3d31db082e908d5a8499b6b6751513a66365fb4d763a12f7a718b,Jsoup,4,YES,YES,,NO,NO,PENDING,YES
29d027df4398ffbc608fa8a5b19b1a364e72089d5e712a8e9912b4aa11ff8d56,JacksonDatabind,31,YES,YES,,NO,NO,PENDING,YES
29fc2ca7f7caf94c33169beabbbf5843ce63df9e9c0a798c13b88d9ce63284c4,Closure,29,YES,YES,,NO,NO,PENDING,YES
2a2ca8235cf66e7abdabe42c9bc8099163d7b88075c1caf6da28068bbdf5bf4d,Closure,38,YES,YES,,NO,NO,PENDING,YES
2a77097fa3bfa9da44386a44915a3cfcce7c9ad498e20c952aeb0432950fa97d,Time,18,YES,YES,,NO,NO,PENDING,YES
2a7d345fa434e65ee05140638df7afd6f7a71fa82ef50dbe775d69b376cbb0d6,Closure,32,YES,YES,,NO,NO,PENDING,YES
2aa21f5b8bbb90d5393b88d1aed5b77ed7ba95809ea23628b99275686fad2b51,Closure,16,YES,YES,,NO,NO,PENDING,YES
2ad58ff22fd2ecf78b6cb041e123f262a44244de744eccfa29d1391ba9cbbaf9,JacksonDatabind,58,YES,YES,,NO,NO,PENDING,YES
2b9f7bbc65b8f4779ed9143f36869d4fbc2303f7f9ef6cae87f2799786f2f95c,Math,104,YES,YES,,NO,NO,PENDING,YES
2ba159b9cd0185fa4ea8ba00b1e9a420bc2d32e182c6274bbd589a1c8464dc22,Closure,77,YES,YES,,NO,NO,PENDING,YES
2bc493ab4a02ccd02dcd965c004e3769c98b75e4862500758d903e402dd41a20,Time,23,YES,YES,,NO,NO,PENDING,YES
2bcbf0f69439688a5e66816a1ff84ee64364f06b2b0758ee5cfae0f4085b5963,Closure,102,YES,YES,,NO,NO,PENDING,YES
2c01fb28a23a54cb80037e483741e0ba869af8121a6476d989ac49860b04d97e,Lang,65,YES,YES,,YES,YES,COMPLETE_VALID,NO
2c605a332447a02d0b43fd0a10d5436a4099b75f055f4ced432e2045556c07f1,JacksonDatabind,62,YES,YES,,NO,NO,PENDING,YES
2cc4eb2391996f504a11dc86813e0cf9f810463cc6ad1d58025c2d02f142688d,JacksonXml,5,YES,YES,,NO,NO,PENDING,YES
2cd5eb52ab0f895b04024e7438eb65036afd02a9c39358cbfec742263b90a5f6,Time,25,YES,YES,,NO,NO,PENDING,YES
2d153b8a324360054ec2ad4cfa08c2a40f7ece52843b4e8d8f9b19064acc5037,Jsoup,77,YES,YES,,NO,NO,PENDING,YES
2dc81ab2330f8cb4e28357f5d1be23aaf550a0daa1a64307f3da2999db2a039a,JacksonDatabind,70,YES,YES,,NO,NO,PENDING,YES
2e16cde058b370899099dc5368edd62b6e8b416222823be3900087af40c5767c,Lang,23,YES,YES,,YES,YES,COMPLETE_VALID,NO
2e641b0affda2dad464993430f37b0304537c8238d5036ccae7944a39bd42c71,Jsoup,11,YES,YES,,NO,NO,PENDING,YES
2eeb499cdeee27b57f4b1ddc7784762775bafaf464ae1662cba871c55dc38344,Closure,76,YES,YES,,NO,NO,PENDING,YES
2f7889723f4d0b2023f62e04609bc1f9cfe229e87aebca4a9753f6227735cdca,Closure,64,YES,YES,,NO,NO,PENDING,YES
2f929868fec7dd599ffaebd2c79869c2cff6e53359b3e43b9d2281890a0615a2,JacksonDatabind,44,YES,YES,,NO,NO,PENDING,YES
2fad42d1f7de913251b44e72029ffed6fb886c8b05f80c78178650dc9bd1a4d9,Closure,79,YES,YES,,NO,NO,PENDING,YES
2fbcb368fa3ed655dd12233ae0d6e989b603467a33bd0bb5cceafe585f0a4a24,JacksonDatabind,101,YES,YES,,NO,NO,PENDING,YES
30889867573e2563a8426c0e004e9bd9bfa354d35ebbfd514c6c23c68a5caa1b,Jsoup,75,YES,YES,,NO,NO,PENDING,YES
30beac08229cbd05b85285509d7e11cdbbfb1ba0585d13465d51869d3f333d5c,Closure,87,YES,YES,,NO,NO,PENDING,YES
30c6688b95d6419e1fa806654e87583c9d2d44eaaa3878e61487ec54822f16fe,Closure,66,YES,YES,,NO,NO,PENDING,YES
30effccc4c074faad798ac562451caf05c0d2752dbcfb0060db86277f3fc711d,Collections,12,YES,YES,,NO,NO,PENDING,YES
30f9ee475588305d950ceb4a6798bc560b2d9d0f1d1921e3ec48126f452b5954,Jsoup,86,YES,YES,,NO,NO,PENDING,YES
315cb2104179526e4c6665000a6bbbb11ef07f276b5b196c7defc8b6b3ab8903,Math,41,YES,YES,,YES,YES,COMPLETE_VALID,NO
3162233a6a0edad81027304b30e77662d835729ed488d224f423ebada82206b2,Math,76,YES,YES,,NO,NO,PENDING,YES
31834f02722fb7479421fb7bba78c41679b96174a546fec61acebea0e0f88ae5,Math,24,YES,YES,,NO,NO,PENDING,YES
31b8ce660e5128084c170cf33efce50becc5fa104afae08a6e60771affe74a48,Closure,138,YES,YES,,NO,NO,PENDING,YES
31dae450a7eba3be37267282aed772c0063cce3a3cdc07bee1ad232fd90f0df4,Codec,5,YES,YES,,NO,NO,PENDING,YES
31ea84910bf496b08bdea2c61757399ad357d7e63dce7a0d03156ac882c13838,Mockito,20,YES,YES,,NO,NO,PENDING,YES
329712411d69bae02d48085cec92f20b26a9f53e4c9bd3d9e356e2c5677e1c7a,Closure,159,YES,YES,,NO,NO,PENDING,YES
32b809250a1f1c78cd04031d3b0a951233439365e9ae23f9d25913af958d64bf,Math,100,YES,YES,,NO,NO,PENDING,YES
32f3158718eb7951d18f81c9a94e179a7e63c8800e1ab888e6adc25826125205,Math,64,YES,YES,,YES,YES,COMPLETE_VALID,NO
330f5ac6147a80905d2bfac1fb1ecb81bcbab0d6b3e610405fbb294ece4b2ba7,JacksonDatabind,78,YES,YES,,NO,NO,PENDING,YES
330f7bf33a5f7cd5d80503882936d263586110d527abd2732709d08f248d01ef,Mockito,27,YES,YES,,NO,NO,PENDING,YES
3363f6056a490e7a6bd0b49864af6a84ac49511db860a6aa6e32caaba6faa028,Math,39,YES,YES,,YES,NO,TIMEOUT,NO
33d764e706b3d933ab05d24c5d4277c1c1d3fc1c554db12b93923df3d3826a82,Compress,23,YES,YES,,NO,NO,PENDING,YES
347c6eca1a2a6bfed2d7e23a76a16a60379d4492443ad5d8d53f255d60433e88,Closure,40,YES,YES,,NO,NO,PENDING,YES
34af5c5d7487fe538210352d635a2943eca10abb7bb945d6c826abbc0e71b194,JacksonDatabind,22,YES,YES,,NO,NO,PENDING,YES
34b6a461d48c199bcf2316346bd6cda0383b434517426031bee49c0e5b935310,Closure,146,YES,YES,,NO,NO,PENDING,YES
34d529b929a63a1eeafd5713625d4f467cb8fe2cb70b80e50719d707fc22e2fe,Closure,136,YES,YES,,NO,NO,PENDING,YES
3540dc3e9216b8f7699f13c54198d95c463fd7840bcb2de5d8900d75d4010be0,Csv,12,YES,YES,,NO,NO,PENDING,YES
3543584a9e047485215b43635ca9e7435b278ae91516ca223f5d87257189f881,Jsoup,3,YES,YES,,NO,NO,PENDING,YES
35b7c7e0c074e7b87713f62da8c59fbe7eac6f9835cdde252fee132bb964ae55,Time,19,YES,YES,,NO,NO,PENDING,YES
369de4bbea413351893acb9833e36118b8fff0a16eeacc4558ec76f9d74583cb,Chart,6,YES,YES,,NO,NO,PENDING,YES
370bdf0db05fefae95fae24f86b4fe0362ea23f52343c0723d22e2fbc6999fcd,Cli,25,YES,YES,,NO,NO,PENDING,YES
371443a648cb05fd32eab782b19e9927830a922c9d1b162d5a52dd737928b8b8,Chart,12,YES,YES,,NO,NO,PENDING,YES
374791719bbcde2ccc05a6373751e699d8733d5b29ad7f8571079ce2357c2f08,Math,73,YES,YES,,NO,NO,PENDING,YES
379124fa6422646010f811c59e8bd8eb8c3a646ad674b01efb03c266ce81b3c8,Closure,20,YES,YES,,NO,NO,PENDING,YES
37f565f02736442323d6f2ef205e715e340382d515cf964a501acb517e64f139,JacksonDatabind,9,YES,YES,,NO,NO,PENDING,YES
3906e4f907be12b1fbf80aab3cc0f1394d4d4c31a0ea1f1379f01fb924fac503,Time,8,YES,YES,,NO,NO,PENDING,YES
393e3061bfc1d50fb79c60a3274eec454c9f86bee83ef944b41763656629cdaa,Closure,147,YES,YES,,NO,NO,PENDING,YES
39407a197fedb723524e5a9c09634cbee92ec462ccbf4cdaf875e31ca67e2108,Jsoup,32,YES,YES,,NO,NO,PENDING,YES
3955474c2b0fed49e4f120dad64e03a75a2196304df023010c3e7898a629c6bd,JacksonDatabind,30,YES,YES,,NO,NO,PENDING,YES
3a016d304847be7c32bb33a20ae9e88ef08770255c0e06b60c992122719334b2,Closure,170,YES,YES,,NO,NO,PENDING,YES
3a1009ddce17895bd850ef68e572e4970dd78521ad518d69940e1ccb19773482,Compress,26,YES,YES,,NO,NO,PENDING,YES
3a4cde413fc3e60619ecb6b6f3a93fb061819dcc2f83d0b570ff591340003f99,JxPath,11,YES,YES,,NO,NO,PENDING,YES
3a5a09a980656aa123455ad6f73d4ecc7c540cd90ca5008d25fd2f76398456d1,JxPath,7,YES,YES,,NO,NO,PENDING,YES
3a92803a49651a69dbd4d72fffb0bdb0a8efc7c10b0ac056844247063e885053,Cli,29,YES,YES,,NO,NO,PENDING,YES
3a95c712224a0da9f7912547d376943f756d208df0db1fdf491f4359595abd00,JacksonDatabind,38,YES,YES,,NO,NO,PENDING,YES
3ad2f028a00d37d6b284a36a4eed49fa677d55f3c344e28bfcfa2dab34179e21,Math,19,YES,YES,,YES,NO,TIMEOUT,NO
3b1ee55342b1dfd86e8e549646c5d2a72478028ec4ee03593dc8138a0d6184e0,Closure,118,YES,YES,,NO,NO,PENDING,YES
3beae3605f349a2397273a97c29d919db7b8043ec2cb9a8d7fde827746cb84b6,JacksonDatabind,88,YES,YES,,NO,NO,PENDING,YES
3cb0ec557490f8e0e37ebcb386183602552c7919d1a776b3128f81bd2282414d,JacksonDatabind,85,YES,YES,,NO,NO,PENDING,YES
3d17873dca7a8ab766795931bd571ff61849a6e0ffe544bfebbf05035e8c5ed5,Math,54,YES,YES,,YES,NO,TIMEOUT,NO
3dae9f35c94918cda99cd73489de8fbebcf3f80828bc6e449693c72b512c87f3,Compress,12,YES,YES,,NO,NO,PENDING,YES
3db21af89c64d68a8d2938a14c3dea03a709b3f5967eadd82d62a72699f04ccb,JacksonDatabind,63,YES,YES,,NO,NO,PENDING,YES
3db5957e9b493feeea2e2a3ce421dc09244c47fd0fc4873116d470a3e7694005,Lang,4,YES,YES,,YES,YES,COMPLETE_VALID,NO
3dd5250b3e237c815f2f455c712138620c6039b52aad25a290a38bf8d8a5e6d3,Closure,47,YES,YES,,NO,NO,PENDING,YES
3e1a399ab57dbe8d67857962564423e3e3f5385d5b64b5a642d3013d2c2dce18,Closure,105,YES,YES,,NO,NO,PENDING,YES
3ed916d4b4e779f5b8958c90f511b47bc6a33ca778553decddeb9d4f68f99728,Collections,28,YES,YES,,NO,NO,PENDING,YES
3edd32b194b208a401bf01417c1f6287a2008d5b8b02189f30741fdbfa624310,Chart,25,YES,YES,,NO,NO,PENDING,YES
3eedb34a57185ec9509d448a08a915f82555f54957602aeb06c4c0cd248bfa22,Lang,35,YES,YES,,YES,YES,COMPLETE_VALID,NO
3f1686368c26c6b941867ee8ec195c79fe4e7aa583dc182d1e34da9cf0d14911,JacksonXml,3,YES,YES,,NO,NO,PENDING,YES
3f3575e3f9898930a9a79f6cff76fe80ed82fb0d81d53a38479888d39509cbfd,Mockito,21,YES,YES,,NO,NO,PENDING,YES
3fbabc384ab5063ad68f931575c6b01576c1be4e15ec4adbff7e8985f7267345,Closure,12,YES,YES,,NO,NO,PENDING,YES
3fe527d68d1b27c0bc4f437bfade16215e52c2d43586dec1954d514a1a0ea7d1,Closure,113,YES,YES,,NO,NO,PENDING,YES
402797211fc8e95b9bec82fb38ab3ba3b16bb8d2f3a6028b59c9a8a17d20c29c,JacksonCore,24,YES,YES,,NO,NO,PENDING,YES
409d31cd4ece268001f4d7bfb70d8e75419a9acb3846086d50d4aa358bb7219e,Lang,55,YES,YES,,YES,YES,COMPLETE_VALID,NO
40dd8cd42158835e5496593b4196bcb71c5eeaf7cc2b12420721ce3b69e4163a,Codec,15,YES,YES,,NO,NO,PENDING,YES
411382f9f8308ee74e2abfa8ddd770b8ce088791e9fc93744424eb916576f507,Lang,64,YES,YES,,YES,NO,MUTATION_FAILURE,NO
4138058160eacb494dabcc60c9e48fb9283e9626718cf3f0057b69efdb824e5d,Math,3,YES,YES,,YES,YES,COMPLETE_VALID,NO
41a9ac7b09eea6d7b007a7e5f1b923cb184fe889b51c625e0bbc0ee766f5107b,JxPath,10,YES,YES,,NO,NO,PENDING,YES
41b2b703c990811866d3ba82bf38726ec97db9582c8e14f60e586723d5b0020d,Mockito,13,YES,YES,,NO,NO,PENDING,YES
4243a5610bb09ca7fd9d4949a1570476f84881fb1702baeb857365e5594bbbc1,Closure,36,YES,YES,,NO,NO,PENDING,YES
429790dba9c98ddac37e8ddcf605e7009bb90fbde8cf77623364faa41830375a,JacksonDatabind,87,YES,YES,,NO,NO,PENDING,YES
4308b260d05b753bbeed2879afede93c1dc655ba0c4b10c2295942a4810c25ae,Lang,32,YES,YES,,YES,YES,COMPLETE_VALID,NO
4323863d93a7c807ddcab5fe9c8c1ce4ad6ece8796f76b8627f1a868480e7be6,Closure,86,YES,YES,,NO,NO,PENDING,YES
43367218973766ac4fc33e475c4a6fd5c0f42d31f2242ae7789b458588d9afde,Csv,15,YES,YES,,NO,NO,PENDING,YES
4385c4297892383f8517ae72e5fed545d759b236bf6dfdc48e2cfc3653855858,Chart,24,YES,YES,,NO,NO,PENDING,YES
449f402fb78aaa031e0db5d2d5a4d2b77e8c3c045b198ca11a53136d4f6ccb15,Jsoup,15,YES,YES,,NO,NO,PENDING,YES
44b092d1b0ae20eb90af087d9b2445456f0046b710bcf4c62d6ff5f555846de8,Compress,15,YES,YES,,NO,NO,PENDING,YES
44d8c320e0b5525064728b716f62c479af878aa09c7170b288e9f046173b2451,JacksonCore,11,YES,YES,,NO,NO,PENDING,YES
44e5dc2ebbabc342809ff950cfaeb09edc55af464a3b701411ac38b65bf52c13,Closure,82,YES,YES,,NO,NO,PENDING,YES
4562efe1b27e5351d8d958ea5a812a01944fbb3110c0a07011521bc3af21394c,JxPath,14,YES,YES,,NO,NO,PENDING,YES
457fbe021218fb5981b6c43cf4c447af6d732945a9fda7922e0a6e92541538ff,Jsoup,7,YES,YES,,NO,NO,PENDING,YES
459d887483097d295d9258758a409213150f1870e13673d315370e176722c685,Closure,44,YES,YES,,NO,NO,PENDING,YES
469a39492c4554043458ce7485086ffc9a1260660fddd5b8af1136760ea43d56,Closure,53,YES,YES,,NO,NO,PENDING,YES
46a3dee2369a05fa23f7c67a6a5314f24456488f8d51bc925207c58259730409,Cli,35,YES,YES,,NO,NO,PENDING,YES
46cd5636059bf01157e2af8b85e73f33500482a7fcb12344c3eceece04a230f5,Jsoup,60,YES,YES,,NO,NO,PENDING,YES
46ebf22a71a1c303b8dad0e1adc794c213807efc5940cc757e2241b250e222b2,Closure,131,YES,YES,,NO,NO,PENDING,YES
472a6a4741fd029ab332f43412ecbd4e45fc93f37668144a51c5edffb9ac1d28,Closure,121,YES,YES,,NO,NO,PENDING,YES
478ea9cfec025625133956dd7849a61aee1bd7c5da3856115c48bf6111c19f5a,Mockito,4,YES,YES,,NO,NO,PENDING,YES
47f7657bd8a1ad9b69b30e3d8d7f0c0cd1355518b69b743b39ef51c73990e9f8,Time,6,YES,YES,,NO,NO,PENDING,YES
48035f7f9428b46dd79344020966ae83ac8e11500a35a05466a653164c005307,Closure,174,YES,YES,,NO,NO,PENDING,YES
4806a4be52e9d9bca47d3748c663b84360409430414aa6c7e687432b17aea8c7,JxPath,4,YES,YES,,NO,NO,PENDING,YES
48124fe9a005c5b907f0f3a9dc9b95a403be2a669c9496ada04fa9a5a8710b7b,Math,18,YES,YES,,YES,NO,TIMEOUT,NO
481a4ea1873227e3de781abf96776f865bf3e7d4142b0001405bf662ec2fcf58,Chart,11,YES,YES,,NO,NO,PENDING,YES
481a9d9f5314891407fc3588c578599f099ba08b0f213f68f08e4cc1a557b849,JacksonDatabind,64,YES,YES,,NO,NO,PENDING,YES
4852f57baf8aa2eccbca6aa0ef9c8c13cfd308af5e35ae1d27f10dac80b7b126,Chart,26,YES,YES,,NO,NO,PENDING,YES
4867ddcaf36e11cbf16d1583b0e9424b9fc5a3ea05013f1db68672db64b0edfd,Math,103,YES,YES,,NO,NO,PENDING,YES
4895876efa63dd617e73b3568c196cbc27acc928f5e63adec5506b7f0ab6b8d1,Codec,8,YES,YES,,NO,NO,PENDING,YES
49173d0d0be9aaf62687de4daaf796b3d12eb05d89d8b4d03de66afb9326f012,JacksonDatabind,96,YES,YES,,NO,NO,PENDING,YES
49f16554ba0bc8c969777acdd5a89a547e1bddde67f3081ea6f9599366abe025,Jsoup,35,YES,YES,,NO,NO,PENDING,YES
4a0e015bb450db5923e64e70bec8acdf2a968f14af438a493fe1fc811197a8d9,Jsoup,82,YES,YES,,NO,NO,PENDING,YES
4a2b2e8659a4e5f5e1efdc28abada409b090c5d445997a78406fd7a5c0159752,Lang,41,YES,YES,,YES,YES,COMPLETE_VALID,NO
4a7cdeb8567d631b642f6d19dca96de6e07b6cb430a29faa3f624064c15ef3af,Codec,7,YES,YES,,NO,NO,PENDING,YES
4aae5bdeb43657dffdc63992738d3b5dac1cd5d09ea6ed94359de7eb646ead9e,Closure,151,YES,YES,,NO,NO,PENDING,YES
4b2e122025f9ec859a976aafb1b757c35570735c19ae8bb734ffa218983f10ff,JxPath,12,YES,YES,,NO,NO,PENDING,YES
4bcb4754ee424008cd3b051ddb24428f39732c89109b111e229c69d5cc07ce5d,JacksonDatabind,107,YES,YES,,NO,NO,PENDING,YES
4bed4b217e9dfd6d5ef0299a8d2871931c7f911cef538497170e94466bc04db0,Cli,40,YES,YES,,NO,NO,PENDING,YES
4c02bebf112358a814ad4d57cb83c8170f716f4c936d9a64c9edd36e477a5c9d,Lang,21,YES,YES,,YES,YES,COMPLETE_VALID,NO
4c705afc31a82c984a2cdfb4f6052f9c1a79e06a05aa05f30934572f0497416d,JacksonDatabind,56,YES,YES,,NO,NO,PENDING,YES
4ca3979b49a2f253f618a2f63db93cb97d3bb2735d420164522e83a9d3002dd2,Closure,78,YES,YES,,NO,NO,PENDING,YES
4cb67e67242668fb517ae45f0862a02ecdb8f909512c9620f335c838654a01c0,Math,98,YES,YES,,YES,YES,COMPLETE_VALID,NO
4cd1e58d16f3579902072a90c87a4eb5dbc18c3e80d59f290d551bd4e1046dcc,Jsoup,9,YES,YES,,NO,NO,PENDING,YES
4cf24b2e7306bab5d9e0302987b471e93859d3d2183457df2bafde780d373911,Lang,47,YES,YES,,YES,YES,COMPLETE_VALID,NO
4d33b48cab10a78fb378fba4721f0b62f3ae4f62d7b2b5200754460be1c9ad48,Lang,10,YES,YES,,YES,YES,COMPLETE_VALID,NO
4db6f2b51d4d03bb027ffa22e278f47c0afcdf0e94ea54e07d32574823a566a0,Compress,21,YES,YES,,NO,NO,PENDING,YES
4e002146470e34d22229db1aae0462340359802daf8ddab828cbfc2776ed4489,Lang,57,YES,YES,,YES,YES,COMPLETE_VALID,NO
4e8b647ae1bd141216efc7918092b288eceee5d987afe2d66d58f2ce915a26b7,Closure,3,YES,YES,,NO,NO,PENDING,YES
4ed31a174c90ac497c55a57540ef54003f75d0e432b23296485496da5ebb7817,Mockito,8,YES,YES,,NO,NO,PENDING,YES
4eed6901ec0a7ca963dbb50cb7b23a11e646945e53a44d3514603c98a7b0a858,Chart,2,YES,YES,,NO,NO,PENDING,YES
4f1e7b24c0400fedc7bf4f9eee071dabb46bd8477a30ca68dd3ecaab2642f09b,Csv,3,YES,YES,,NO,NO,PENDING,YES
4f2860b6ab928b78b775ba1655e366af52914acb53463efaa6a19719ccc2836f,Closure,132,YES,YES,,NO,NO,PENDING,YES
4f806d23e56e8f76c43dd43ce4d69a680177c37c04cea13e7453feefbe59f708,Closure,18,YES,YES,,NO,NO,PENDING,YES
5003ad737247a9b105a4d8932bbe0621a4d551db4a2e293696bcbe1f26c47429,Compress,20,YES,YES,,NO,NO,PENDING,YES
508f4ff1ad265e87f41bec7e5243296de49e37305b3aa20344bead52dbaf8eb1,Time,16,YES,YES,,NO,NO,PENDING,YES
514b713c0aa177a1e76cc28d3fda13c01988111aafd967bb3868b437682936ee,Cli,7,YES,YES,,NO,NO,PENDING,YES
51aff21f597d6f155df585619eb747b078f0567ea1ebfd1d06031f1d3f158fdd,JacksonDatabind,6,YES,YES,,NO,NO,PENDING,YES
51b3b6f4887acec6e483006c45920d7b6305873218f6f829cacd6256d828b8ff,Math,83,YES,YES,,YES,YES,COMPLETE_VALID,NO
52299c1a6645c06be92d11d73a6350057f00cec6fde1522fe793a21b48322ac1,Lang,52,YES,YES,,YES,YES,COMPLETE_VALID,NO
522ce41cb428f611a1fb82930655a439cfea6735a93527d75240c6ae908b62a2,Lang,42,YES,YES,,YES,NO,MUTATION_FAILURE,NO
522ebc9e7b315a573510813a922c4185539eaecb649e504b9b91b2081e899132,JacksonDatabind,49,YES,YES,,NO,NO,PENDING,YES
52524e535264f326fe1efd836440017447f0827175bc334abba31b0655d887bc,Time,7,YES,YES,,NO,NO,PENDING,YES
5268d481191a145ed76d67615dd948c5efe8b0fe6ef3c20646e7d0865872d594,JacksonDatabind,104,YES,YES,,NO,NO,PENDING,YES
52d7e27f9137b08c7876cd3b551ce5c8ef2e1c3bb81341bed7b67891595ad65d,Jsoup,80,YES,YES,,NO,NO,PENDING,YES
5303431853a8c6b08c39816b1c7e5eba57fa8f3e752266735494cb70ffa9eaf6,Math,37,YES,YES,,YES,YES,COMPLETE_VALID,NO
534bdccd24b035de6dfbec6993773ca075446465a94bfa0f2e028aeff3885779,Mockito,1,YES,YES,,NO,NO,PENDING,YES
53789455c6e6f1ee442630fe875b4410e9f440e076dad294fa9b34d6a9e8637c,Compress,40,YES,YES,,NO,NO,PENDING,YES
539efc8bb7af2dd48abc133939dedbf44fde52bb9030777983e2aa365f093e5f,Math,25,YES,YES,,NO,NO,PENDING,YES
53e3b33c1cba1896ff59fc03cc72699b8f5cea12f7b93c1fe26b67f766a74ef8,JacksonDatabind,45,YES,YES,,NO,NO,PENDING,YES
542b75e03877d67cfd5f5f37cb28998e71266ea6f61ae4947ba5008dfc8bc4f8,Closure,141,YES,YES,,NO,NO,PENDING,YES
54d5208e02702d923f3d299f7cae54a881bebeb150f93b7907ab2135421e9db3,JacksonDatabind,79,YES,YES,,NO,NO,PENDING,YES
54f0157c14c71e2df3bf924176ffcf71140d9e082998a0e8496acf9b844ca242,Math,86,YES,YES,,NO,NO,PENDING,YES
54f627a1dca7b0be839c7357b8d70ffd49004d03e9b3ad2631926f5ac1cb4f3b,Closure,58,YES,YES,,NO,NO,PENDING,YES
55128e8d355aa9952c02fcf2e831bd8146e05597399409ed05f5e8f748d533f5,Closure,112,YES,YES,,NO,NO,PENDING,YES
55408f26bb1bcb7c4d9b046384d6c00b40201ae5815613a3537f2d93d5ee4129,Compress,10,YES,YES,,NO,NO,PENDING,YES
557081ab1320fda4df0c96b0ef28886532793a8f070908cd80216e682ba04f3a,Jsoup,6,YES,YES,,NO,NO,PENDING,YES
55fbf0ebee372315d38948d17185b6ed25905f8d2836e0c0131874d956fc9ea2,Closure,61,YES,YES,,NO,NO,PENDING,YES
56967b2befdefc3c228a6b190bbd549e6c259bf51ef12be3e1cea6ba8f3203a3,Closure,97,YES,YES,,NO,NO,PENDING,YES
56a0f21941122671b7616a8b98ba54213c85d5b2c86d4c29a3d25d9bf15f80a6,Lang,49,YES,YES,,YES,YES,COMPLETE_VALID,NO
56ba1edf890d4f3fa93a067c164b1c67c59637de35a1b08d9450d16620d911d3,Math,14,YES,YES,,YES,YES,COMPLETE_VALID,NO
56e5c8f20c958f8cc43831e79631925d6a5c84f94c17a481fa7ff34fab8fd1f4,Closure,69,YES,YES,,NO,NO,PENDING,YES
571c6afa9977ca70216dbcdf06e96cfca932257cc1bf2ff8f3544e9b89abada7,Mockito,6,YES,YES,,NO,NO,PENDING,YES
5872e9a91fcd0166ddde41a2cbe9071e8d0970db7e6284d19bc7447e5e828c03,Chart,19,YES,YES,,NO,NO,PENDING,YES
5879d3f157a100abf27e897bdfac9f4afe0cb2ca634e16d0a29111c25a4d4a9a,Compress,32,YES,YES,,NO,NO,PENDING,YES
58a25fb6d9b713f0e7a2a2b96193c68c34ff2b41fd82217b60cd84a96346c65f,Compress,24,YES,YES,,NO,NO,PENDING,YES
58c6c281b1c88dbb0617dd19deae1d5aa3790ce15a869e343ebf0589e55755a1,Closure,42,YES,YES,,NO,NO,PENDING,YES
58eb31c3579aeb212d26d3c437337bd59b7532f88d5bad58597083f730f15eba,Jsoup,70,YES,YES,,NO,NO,PENDING,YES
59645483552055a8277124840b5f0a0a6e86c9445940ca252e4b27285204f219,Math,58,YES,YES,,YES,YES,COMPLETE_VALID,NO
5980131fa4ff6a49d82c71c1f47e46639cee6ff690476d7469ee82509b595039,JacksonDatabind,34,YES,YES,,NO,NO,PENDING,YES
5a0f10a102951519d4a13752b7f7ca12cfcad9f7523130541743491d10cfb8bc,JacksonDatabind,76,YES,YES,,NO,NO,PENDING,YES
5a4188eee984e82323a21a7659f6159e1cbde9f9027b7a60e64fe31f4253c65f,Mockito,19,YES,YES,,NO,NO,PENDING,YES
5a8010317e720f9a34fa934c1479244dccb1dfc8498a4fcaab3bf4e9032d7f27,JacksonDatabind,32,YES,YES,,NO,NO,PENDING,YES
5bb119d54f1f4920af90983ce9b0943f61eec4a9468706bd1002e514b6f55583,JacksonCore,7,YES,YES,,NO,NO,PENDING,YES
5bfd7437634feb213ad4cc1902c83a99e4b4e7f02932b804e17b4aa064834899,Math,20,YES,YES,,YES,NO,TIMEOUT,NO
5c9d493e899f58aafd8910871f68bd22977648c825fb7c0f3cd11056f7ff05f7,Lang,14,YES,YES,,YES,YES,COMPLETE_VALID,NO
5ca14333669c1c82f5fa4bf7665b11c9c17e581f556f0393c00fc5d5be1da4c1,Collections,7,YES,YES,,NO,NO,PENDING,YES
5d17584c5496ce7b538dd5d20c44bb63ebc00a491fa9ffd2fcb0370ba1c57613,Lang,8,YES,YES,,YES,YES,COMPLETE_VALID,NO
5d5c413f1cc2087471cb8331597b41b1f1c9d3cfa5d274e657d6c390240b4239,Closure,114,YES,YES,,NO,NO,PENDING,YES
5d61352c8350e525d12184a054fb44f43311c275d6418114ecc6412df94f1474,Compress,25,YES,YES,,NO,NO,PENDING,YES
5dc106e5faf17ee63bb439f5b5b28af7d59d95ea9d2c2452e53e247222eadde2,Chart,10,YES,YES,,NO,NO,PENDING,YES
5dc8bdda5f7da93330ea20a9daaacd1dcf8eb376903bc4163718f7897bf43719,Collections,16,YES,YES,,NO,NO,PENDING,YES
5dcaac29c53912078a69d991cd6a4658a0f4975f5cc5f5192b1e1543baf4ad50,Math,4,YES,YES,,YES,YES,COMPLETE_VALID,NO
5df0e135d9bd53160259dacae9b999fff6789c67c192d67b05a69ec521b2f4fb,Chart,9,YES,YES,,NO,NO,PENDING,YES
5e693a05020205c373eb50d2ba2fe6618d65de5690a792c36d5a984f3f545493,Jsoup,16,YES,YES,,NO,NO,PENDING,YES
5e7a2c6e191a0427b73c456eba5e2e97d892987305d400113ae05d6b4980c81f,JacksonDatabind,102,YES,YES,,NO,NO,PENDING,YES
5e8795cf83ede71b8ed63dd7de14bb380f57e32a957c3ef4e3f3e3df53c08ae9,Closure,11,YES,YES,,NO,NO,PENDING,YES
5ec0a9944fb44d7dd3e6bf27bacf1306f6ce38f129e34ed838be0d6d67ded835,Lang,54,YES,YES,,YES,YES,COMPLETE_VALID,NO
5fd67d6796bfda95615abe45f068341ed2359ad82acfc7d9b65f455692ad3c22,JxPath,19,YES,YES,,NO,NO,PENDING,YES
60ea59b99a6035ae7f9ec33d12615cf6d166fbe69027cbbdc25a5db94f9c7456,Compress,42,YES,YES,,NO,NO,PENDING,YES
6207e8e7133a82bb35c7c7dd5a3f98c8d11b9b34a2c3b330742ad121c7a8f563,Jsoup,40,YES,YES,,NO,NO,PENDING,YES
621dc2694f751a5ecaa607d08279f8556819c1feebf91f8049841397d4231f15,Closure,1,YES,YES,,NO,NO,PENDING,YES
626f0c0f70456ecd47afa33b01776ca614d20b0c40144821f1dbb5b9709e67a6,Lang,15,YES,YES,,YES,YES,COMPLETE_VALID,NO
62a36f471bc0217282ba60e41a5cdbae84f6e45f3f8c9d0dcf056a386e915a1a,Math,30,YES,YES,,YES,YES,COMPLETE_VALID,NO
62f34884dcaaf0d2b346244a43804c76d252004fb16afeac25222c89faf2d2b1,Math,81,YES,YES,,YES,NO,TIMEOUT,NO
6302ce1e549ed31d89b41bc2dc110b4bdefe2d56e0da823dbabbcc0e931f4932,Lang,33,YES,YES,,YES,YES,COMPLETE_VALID,NO
634a60402779446f966a366c00b8e0d3215362e13433d976d9d769e96b2c8d19,Math,31,YES,YES,,YES,YES,COMPLETE_VALID,NO
6357476b384930ef8276bb85032d208023c2fdc8e1026f21a1e7a5d60ef49879,Cli,1,YES,YES,,NO,NO,PENDING,YES
6358a65ed51eb177fe44fd24f273cd24a7b18fe87eb7b449cd646b3e9501193f,Closure,91,YES,YES,,NO,NO,PENDING,YES
6363986dc447f6ff3954ece8c9853ad39f33f8912d8eb3bfd9a0dce13f93cdc7,Compress,45,YES,YES,,NO,NO,PENDING,YES
63784e763c5f64e97cee2982cdee0aa59e6269b711184eb6acacd747fee12d9a,Math,1,YES,YES,,YES,YES,COMPLETE_VALID,NO
64c4cd4f14790582319372b6bbe7c536786e576da78aeeffd55a229d8dc57ac9,Gson,17,YES,YES,,NO,NO,PENDING,YES
64d2e833ac3f183e8d13c2b5c2aea06786bd27f5a48f28c3c9738d3257eff306,JxPath,1,YES,YES,,NO,NO,PENDING,YES
64eab0f99e0be8d53c420cec32e1707b955c1f40e9d80e38d0ed65e6354391b0,Closure,116,YES,YES,,NO,NO,PENDING,YES
65191a9929d5a582539dd6e27e761ec5f3b4599d3f3ce6a3994550d45a002775,Math,80,YES,YES,,NO,NO,PENDING,YES
657a38cee23093e2d2bcafc352e1d4b7fce05427e62f5ddab75d7d244874f555,Closure,23,YES,YES,,NO,NO,PENDING,YES
6611d741a03c716f6db8960f42413965c67536de8df8eeb3faf57f93eeae9e54,JacksonDatabind,68,YES,YES,,NO,NO,PENDING,YES
662a6104364e0575225eb27bc7fdb4b331f899365a95c477f758ad9beab4ba3e,Closure,155,YES,YES,,NO,NO,PENDING,YES
66421382544d3746d141adff2a3b19275de733fb8a507e92ad786b705d3ade19,JacksonDatabind,40,YES,YES,,NO,NO,PENDING,YES
6657c763e2545c2553199abba7872180bc563c8833c62c26d6e78df78721ba38,Codec,18,YES,YES,,NO,NO,PENDING,YES
66bb1ad2b451f3f367c46bd79ffd08b77b22540b2dd88cf861fb92f2fcb394d5,Lang,58,YES,YES,,YES,YES,COMPLETE_VALID,NO
66dbc3d4c32c95f2a981b3c17b9e3ab33480da7b1cbf2f7388b8bf1c68e5592a,Jsoup,30,YES,YES,,NO,NO,PENDING,YES
66dd2f499baef05e71ba0aadc480cc776926161dbfa1d52bd9827a3efc59409f,Csv,13,YES,YES,,NO,NO,PENDING,YES
6708616f316f60708b90b1cffca34b085b4b44ede33f6b3cefb0d63c02533cb4,Compress,18,YES,YES,,NO,NO,PENDING,YES
677128abc49065c54b65a224c07e66d10f34d8127df07ad3285ac7d371d80663,JxPath,2,YES,YES,,NO,NO,PENDING,YES
67b090929976dbf3c198e87e716b71b3fff9e26538abb4330f9df6053a6786b0,Cli,37,YES,YES,,NO,NO,PENDING,YES
67e31f625884c54eb847173e0d081142fd78612d1a9e5edf02794d131a583210,Math,35,YES,YES,,NO,NO,PENDING,YES
6866dac48d35bc62b0a6e275362fde5213b9516cfa2d40233dea7fcac1121a26,Mockito,34,YES,YES,,NO,NO,PENDING,YES
68ee75d9cc23540d5c7f562304b9343d3b485dc510bccf5c0669f966399d114d,JacksonCore,14,YES,YES,,NO,NO,PENDING,YES
692421a276888887f461341d7c50c8de963960f31d857dec2576bb10fae88cc4,Cli,31,YES,YES,,NO,NO,PENDING,YES
6984f2f47f12ba5c715503dfee58d89363f76aaeb259e76fe46d1505e7931ab7,Closure,167,YES,YES,,NO,NO,PENDING,YES
69d01a00b0415b237656106a4c316d4cfb36b2f210f8e68b98382cb328948a58,Time,20,YES,YES,,NO,NO,PENDING,YES
69f7134203feef933aa171855432cd990bb62888f43410341b6e83edc383ec18,Chart,5,YES,YES,,NO,NO,PENDING,YES
6a54e554aa186a013206b8e3912896f094fbbeb58ed95c4937958f6773fe9513,Codec,9,YES,YES,,NO,NO,PENDING,YES
6a798d821ee8d7d66c4438e5b579ffb2f483a6b39a0708bc0293e87168241037,Closure,24,YES,YES,,NO,NO,PENDING,YES
6afa967d29f7bc07208769abad6f2eb6fb260583c7b95b99b276e9b0732169f0,Chart,4,YES,YES,,NO,NO,PENDING,YES
6b51ecf3cdd1c39e2a0e1304b908970a2ae4bb368f2843f694604efc22741b98,Mockito,23,YES,YES,,NO,NO,PENDING,YES
6c20d49259c7a1e0ebdf3275d64d5af2662e171fec2e8f0750016d8aa858826f,JacksonDatabind,4,YES,YES,,NO,NO,PENDING,YES
6c5dc4d034c2d90cbba5fc3a5f26583de6c079eb8c53dff10f6df225eb3336fb,Jsoup,19,YES,YES,,NO,NO,PENDING,YES
6cc480edf7777e6526ca976b620efc1b63f5648bfb48c018ddc45c4c81f69fc9,Compress,27,YES,YES,,NO,NO,PENDING,YES
6cc6d70f69ce058321d5175173743ba0b8beed12e73c265e3a73f635af93ad07,Csv,16,YES,YES,,NO,NO,PENDING,YES
6d5684cf6d0a23104f328a5f056886acc49283a9d13814ddd0e957a739739dbf,Cli,8,YES,YES,,NO,NO,PENDING,YES
6e2beba3a2a7218650761c0aabd6372e9e2ef008a09a4a6a4e025d44b7f97c76,Closure,22,YES,YES,,NO,NO,PENDING,YES
6e3e1a72cc727df7371a206ef30959a6f8c47b4e9f85585de737a72fa9b4f836,Closure,94,YES,YES,,NO,NO,PENDING,YES
6e71b5e32a30581b7a0a9f7271498c4239f8c1bfd8ea787194d8e9fcc37b289e,Closure,140,YES,YES,,NO,NO,PENDING,YES
6e77c616e00a18405f3307d0d61929cf4f12dedae62639743234ae5b7b2527a2,Jsoup,63,YES,YES,,NO,NO,PENDING,YES
6f0b0492ee0a11e0a8bd8ef89c49923c279f257b2fe144b82c46280035d93905,JacksonDatabind,106,YES,YES,,NO,NO,PENDING,YES
7093906194ac34903a44923f2fb162ce36a76640c7b12ff82def4e5024308831,Lang,31,YES,YES,,YES,YES,COMPLETE_VALID,NO
7108eb0b6f7edfa9e1bae509035ee8961669675ee2c68887fe2d494a6254b1c3,JacksonDatabind,25,YES,YES,,NO,NO,PENDING,YES
7149fa1a5ac6b8e64a5db450ab8f1b8f8554e8c6f075d40e650a8bf659dcab19,Jsoup,88,YES,YES,,NO,NO,PENDING,YES
715a24a593b5f417c79b7f6d442360cd7a25a4e7853b6055be55a876a5c29928,JacksonCore,10,YES,YES,,NO,NO,PENDING,YES
7174b97fbf4bfc0456caed3145c4ffc0aaebe73fbc29ce9325495d8a09b3829d,Jsoup,93,YES,YES,,NO,NO,PENDING,YES
72287a3c21c4b4c2042b6a3cdeb6b313b60a6c279f2ee3a5f6f6433003d56e7a,Closure,52,YES,YES,,NO,NO,PENDING,YES
7258b5644a1cb09ace61038215c63135b820128f2974b4a1fd07a4e2f008f2c9,Codec,3,YES,YES,,NO,NO,PENDING,YES
72af0f8758304c4aa63b910886103a3e0e13d2873a4ffdc5ca726a1674991a83,Closure,166,YES,YES,,NO,NO,PENDING,YES
72de8854869e8e5116f201f80aba3bad99e0779a7a5da17b1dfd102e854f38f6,Cli,16,YES,YES,,NO,NO,PENDING,YES
731fc4366688eb2c9cf662292fdb2839e2105ea75756013883a228ebc4b06c44,Closure,96,YES,YES,,NO,NO,PENDING,YES
73890801ef7a9fc3d910379b5179e4be73890266effa4f1c13993cbd581bdec1,Lang,34,YES,YES,,YES,YES,COMPLETE_VALID,NO
73e106c564f63ea321a323f56554629dd9e4da01f94b2726a130add80e7a0a3b,Time,5,YES,YES,,NO,NO,PENDING,YES
73ecb793ae57301311a30353c6427b3baca0f583090b071e865f61c3a3d4ba1e,Lang,9,YES,YES,,YES,YES,COMPLETE_VALID,NO
74ba4583b5bd286a3970ae82b0ee4578b3386f920e5fb80d53e5254bcb3b0e9a,Math,11,YES,YES,,YES,YES,COMPLETE_VALID,NO
759ed2906470daac0f06938f23e7285d5091b1693295c1549c0f8910556beb0e,JxPath,22,YES,YES,,NO,NO,PENDING,YES
75ba13f64628ee73c5d499cc48ee90f5cafa3f6b2acbc1008f7508d902c20311,JxPath,17,YES,YES,,NO,NO,PENDING,YES
761e2f6df315c0f1d5c5dde72fc5be779035dd259db634e47b681fd1df9a164d,Closure,143,YES,YES,,NO,NO,PENDING,YES
765933f59ff1c45ce26ee23dffa3c14e91b775b9c9d96dc353e4a2e4223a6313,Math,6,YES,YES,,YES,NO,TIMEOUT,NO
76b74d5428bc2540ab40f1934a34300a599670a7e78797149e193df3a1e715b4,JacksonDatabind,17,YES,YES,,NO,NO,PENDING,YES
77771fee4c97689872859fabf9d4dfd1b0742530a69f3bab7a7c76878848c15e,Closure,88,YES,YES,,NO,NO,PENDING,YES
786bfb3c689341177ad4ffeaf94de4454aa970b1636daaa79a2a16734c7c9cc6,Closure,153,YES,YES,,NO,NO,PENDING,YES
7873c5e39a01297bc705e4045628bba04acf9005cd97ba06ae399aa3bb59e627,Codec,2,YES,YES,,NO,NO,PENDING,YES
7885d8d25d9730d019353fefa93b490d403df0ec679dcef2c5ac8503aa2b326a,Math,63,YES,YES,,NO,NO,PENDING,YES
7887d58937f9cb496af676c90b5483f53d9d6d1669850ab6367df5eadf120cd9,Chart,16,YES,YES,,NO,NO,PENDING,YES
78e4e2367779a9334307f2e0196ca48f64e74a6567a68068a27c76214262c3bf,Closure,120,YES,YES,,NO,NO,PENDING,YES
7954b87676fbc7d242013015b1165170489088460c745ad61710805396ae3ad2,Time,2,YES,YES,,NO,NO,PENDING,YES
79b28d1ef8b7bb2fc4611048dc8e9ba1104bdc6e396f559c19a8f99c7e411243,Lang,59,YES,YES,,YES,YES,COMPLETE_VALID,NO
79b8da447d40a4299fd8ecbe95e1f7354aecb2e47a7b0c44ba2218beebb3689a,Closure,30,YES,YES,,NO,NO,PENDING,YES
79be20bd3b31995de396b0f181378a42e30c0ac035186fc2f0c1df2ee993a27e,Jsoup,68,YES,YES,,NO,NO,PENDING,YES
7a4e88f689d37ff1d458883ecd4e8cacaefc09f567e2ce7e5987afad720879f3,Jsoup,39,YES,YES,,NO,NO,PENDING,YES
7a87f30d82abd698b4e48bbc2fca75ec0f521d49cf5774595d958a42b7931d12,Math,38,YES,YES,,NO,NO,PENDING,YES
7acbbafc1fb26785907d91d40d2bd1bdb6db97924c4a862755bd8c7e07ac154e,JxPath,9,YES,YES,,NO,NO,PENDING,YES
7acc1d10690e102451e902d1dea591629583d3016c5c29fbecb94437e651d0e1,Collections,25,YES,YES,,NO,NO,PENDING,YES
7b5fbc212cd345598f93eec8eb64d708eeaf786fd9f9ef177014aa3b9b636450,Cli,20,YES,YES,,NO,NO,PENDING,YES
7bf7182cfe68c2d35274bc2fa58fb1a3e3e511db8a77fc0904f86cb44d854820,Closure,162,YES,YES,,NO,NO,PENDING,YES
7c2ba97db78d94a574395eb9eb5dfbfc452c528d7346b794335ecdedaf08025d,JacksonDatabind,105,YES,YES,,NO,NO,PENDING,YES
7c9c53eebabedf9c449a46a5fbfe15daefe63800d5d8bf48658d772375c6dc6e,Time,13,YES,YES,,NO,NO,PENDING,YES
7cdedeaf6589081bd99a985268a1c04f188d76cdbb1480c46d43b0ef966daa42,Cli,28,YES,YES,,NO,NO,PENDING,YES
7d22142bc74d0315ec5b55b22a87db6484bce8a935393704677d5d990fb1fdc9,Math,97,YES,YES,,YES,YES,COMPLETE_VALID,NO
7e2805aad2b4c08bf48800da243ee7429982ccdaa6568f685e43803237b8689b,JxPath,18,YES,YES,,NO,NO,PENDING,YES
7e3c99337802117dc028fb32d1c0ab36a8ed24722e54a5b66758022a9381b667,Math,51,YES,YES,,NO,NO,PENDING,YES
7e566b66552e66db8f02f10147f93fe15b41d706d0b8f65d1d71f1e595e51e85,JacksonDatabind,84,YES,YES,,NO,NO,PENDING,YES
7e8e6a6c121247dbb898e195aea9eb301714cfcd8f136ede5222a489b56d8600,Math,56,YES,YES,,YES,YES,COMPLETE_VALID,NO
7e9cf56fba02a9e9d5a3b6a11a555eb6784e4ced5a6dfd2e6ca1b2f65335f654,JacksonDatabind,8,YES,YES,,NO,NO,PENDING,YES
7ed6e1b8e918117521b42308ed6fed0f7f5a49e8886d51f4d5d5ba672c3fef25,Math,36,YES,YES,,NO,NO,PENDING,YES
7f733797a733f498bb13df5b38ae0c26081c4425320fedd0798f8e901a956718,Jsoup,59,YES,YES,,NO,NO,PENDING,YES
7f895aac29c7a938f3347445286196d3857ba4eb2a6cc6829e97cc68b02785df,Closure,41,YES,YES,,NO,NO,PENDING,YES
7fb6e75f778019284cf823d67987da0f4ed921e388ef705c43ccc7ae9e1a48c4,Closure,57,YES,YES,,NO,NO,PENDING,YES
80286fc0e42e8eea26e5414c195bd6d401ff0e5a3ce4fd4f30e133c0c5676398,Jsoup,18,YES,YES,,NO,NO,PENDING,YES
80a90f1bc8adbb50f06588e8b3d0a912050f3a8799f6cb243f8a1cfd1e49f3ac,JacksonDatabind,7,YES,YES,,NO,NO,PENDING,YES
80bb60f38c92d585b909c3660810eb27ca77f8dd332712cd2a16adca7b0c3ff3,Math,66,YES,YES,,YES,YES,COMPLETE_VALID,NO
80d961687dbcbd0b5fdad484e878a17dda0229584555f883fab26307c22b6b6b,Csv,10,YES,YES,,NO,NO,PENDING,YES
8159508ad5e18add2ceef228d65d0ae06795939efb5a00cf1934bfa2281e8bc1,Math,55,YES,YES,,NO,NO,PENDING,YES
815dc305986a0f886ef6bd9b2d612ddc76de00a464686a91c62b0286fc3314bb,Codec,12,YES,YES,,NO,NO,PENDING,YES
817dcb7227b9a3f2acbffb7011c3438528081de51f7601150ee86f11006618ec,Jsoup,83,YES,YES,,NO,NO,PENDING,YES
8191d7bea8b36c21987706d5cb821a64c0ef98f81eaf9adbe7ca3ecca5d54cb0,Jsoup,5,YES,YES,,NO,NO,PENDING,YES
81a4b61f7b6a33b54abb0be6fd4b7b83e091014e58c1b828c1f4b09cb9228be9,Math,89,YES,YES,,YES,YES,COMPLETE_VALID,NO
81f294d4267f828b9f415f80c56498b4b36249c2fd792c403cd2b1307c38983f,Codec,4,YES,YES,,NO,NO,PENDING,YES
820883206354a7f4a9a90c0874eeb0368ac209a59194e4120039c9602db7b426,Cli,38,YES,YES,,NO,NO,PENDING,YES
8214f4275ea5c4b3489db57cb87edd44db68da276ed6407c0e8552e249b8eb30,JacksonCore,6,YES,YES,,NO,NO,PENDING,YES
823457f690d6f4412d0c97f1f608935cd2c53507febbc966202e45b80afd9423,Mockito,36,YES,YES,,NO,NO,PENDING,YES
82a2158bc8123c50b062e644b9557760e59354dc018c3d75dec9bdcb59a36a7a,Mockito,14,YES,YES,,NO,NO,PENDING,YES
82da3525261535164dd2f501361b8c9794e21f36940b32be6638cd0b63e10640,JacksonDatabind,91,YES,YES,,NO,NO,PENDING,YES
83098a2e966227420486ca3c2c8139bcd94b75e3ff9ad4ec8512865674774948,Lang,45,YES,YES,,YES,YES,COMPLETE_VALID,NO
833279c998c5d5abb013e7306916bdc4d6b71e8e320d9b802bf24ab4171bf935,Compress,2,YES,YES,,NO,NO,PENDING,YES
83a4e811332ef731c6a547bf23b9f2c489b8787c37fe0b0b71dcf4000bd71dae,Closure,75,YES,YES,,NO,NO,PENDING,YES
83f76d6da6888beb885a241449644dd3b8382d7af1814ce26231505bc9ae30d8,Math,13,YES,YES,,YES,YES,COMPLETE_VALID,NO
840e645fef1ab4194cf2c7c2619a7d1297e7876526571b6617ac510770e26573,Cli,13,YES,YES,,NO,NO,PENDING,YES
8484c2f5c5bbd88be53b073b9169fa60cf2dabab3b2d20d5b8ded4210b930d1c,Closure,157,YES,YES,,NO,NO,PENDING,YES
852d101289b9013bd79b73f1fff77720d6662f47e8d1051c4e302843e7f9049d,JxPath,3,YES,YES,,NO,NO,PENDING,YES
854415dcaf878be31c8836f56f5f0bdf25147554a5e5b95a5cb5de2000a9f459,Jsoup,52,YES,YES,,NO,NO,PENDING,YES
85589f087e986354e7e0d8a7960f4ff7abb2741aa373ee70d908eb96363bea0d,JacksonCore,23,YES,YES,,NO,NO,PENDING,YES
8585c798ebc3d442c28b5c21a16fdbf9df0b8b2b070290b4e6a8823bd80ced98,Cli,18,YES,YES,,NO,NO,PENDING,YES
85bfd0ea0c86eb53681dd46ac5357dd92abac8a2bc01455bbe50cc928bf63d3d,JacksonDatabind,61,YES,YES,,NO,NO,PENDING,YES
86892346e3163ef40ac07eb1a4f02dbd64ec2437527d0879ea80e29220ce70c3,JacksonDatabind,42,YES,YES,,NO,NO,PENDING,YES
86a039ec6e4ba34eee37dd8803c69ec906216e5cb8be4e8e31aa24e86d7ca73b,Closure,62,YES,YES,,NO,NO,PENDING,YES
86b2b7c8b6dc94977ffc5cbd6a78fab1527e0779fe8be055567cec04f92c9874,Math,87,YES,YES,,NO,NO,PENDING,YES
872cc254b854b581d9cd4c4617cc33bfd9e0105b332869d5dfb4982cb402341a,JxPath,6,YES,YES,,NO,NO,PENDING,YES
8735da7ee897fd85f2ee89d8aab128bc261589452bf546a20cede640fefa84bb,Lang,20,YES,YES,,YES,YES,COMPLETE_VALID,NO
87787a5afba0a95dffe05ce8fe5541440170d48b5812cb5490ecbd353f71a7b3,Closure,130,YES,YES,,NO,NO,PENDING,YES
8791932c3396b6dcd137a7272e8a4264cc29017d75bffe15e87153dcf6807c4a,Mockito,33,YES,YES,,NO,NO,PENDING,YES
879c2e943f7f41573ab8e7cb60f129b8b971cac19f7d87b932282fb3cb1ea02f,Closure,26,YES,YES,,NO,NO,PENDING,YES
87f3ed2c64a9d7fe0e3501824ac151e9001902156ff969e34475e0682d906412,Closure,56,YES,YES,,NO,NO,PENDING,YES
886497400322bcc24955968cbaf811ae3ebf7093906fb59aacc06b93c7b21da8,Compress,31,YES,YES,,NO,NO,PENDING,YES
88cd886acaaa5632256fcc5d504ae55528722828fcd19da568edfa0f4f2f8c6a,Codec,17,YES,YES,,NO,NO,PENDING,YES
8978f736c171bb173e9ec653883a18d91b420f1bf13ac3c4c9ae5ecf9c5fe40b,Closure,144,YES,YES,,NO,NO,PENDING,YES
898e854b8712af667fac80dbe9209fa3ec539c46df3a6d52266e168286c2c389,Gson,6,YES,YES,,NO,NO,PENDING,YES
8a773a2645b12518c4b50ec9f8c1373837d559eeffddbff6af3ab7b1f8a18dd3,Mockito,17,YES,YES,,NO,NO,PENDING,YES
8a94ada6f86df190a19f6c04aebbaef532131a9b5c6d01658fb5b20e0d65fd49,Math,106,YES,YES,,NO,NO,PENDING,YES
8af842cefab0d1f546a75956e3d3081e4e9656ccd08ce5f0b7ab6a26c52f1c45,Math,85,YES,YES,,YES,YES,COMPLETE_VALID,NO
8b76386c204974796d8c9750dd40227bf717394658fa8a2cb0cc2f0eeb6af9a0,Closure,107,YES,YES,,NO,NO,PENDING,YES
8c0afe915d728262681e009cf7139f66304fbea40704c5e3c67cca219943cb40,JacksonDatabind,48,YES,YES,,NO,NO,PENDING,YES
8c9c26278ccbf3a399a7ff7b48d9e45def9ce3f3a0ab23d972b848ccc428710b,JacksonDatabind,93,YES,YES,,NO,NO,PENDING,YES
8cdcf0691ff339541186f6ed296cd1146e44c1f3332b8456c81be9d585627280,Lang,37,YES,YES,,YES,YES,COMPLETE_VALID,NO
8d638d4fc45643cabaccc8f0c23d07089e3dcc7e023b3a5dd2215d6a012b0d54,Closure,48,YES,YES,,NO,NO,PENDING,YES
8d8ba228e057c152672d2432b4c1592add43f967f1fdac5ec5d7da344d80c32d,Closure,8,YES,YES,,NO,NO,PENDING,YES
8df6fe9bb516e97d8a39d2478955b12b24e6287820f05ac821f8ccd222f57061,JxPath,21,YES,YES,,NO,NO,PENDING,YES
8e0ba726392a1e9002a1b37c6ed1898ea5ea0a858824e4ae774209ef0447c4b6,Compress,44,YES,YES,,NO,NO,PENDING,YES
8e2044d5b65510541329d0ecf3ed5d2f9100d6d43683669cda99b3b870948117,Closure,119,YES,YES,,NO,NO,PENDING,YES
8e305508f05135ac7dbe349413436b940c964c8a0e6f1c9b704a77e463d13960,Gson,5,YES,YES,,NO,NO,PENDING,YES
8eb657005a5cb39e630acc54be7ca664fae4683da242d9e1145a5741f0a83e0f,Collections,21,YES,YES,,NO,NO,PENDING,YES
8f56c8cd206c98049a418c3d10970a8967c821099c03e0b28da57a4fff3406e3,Lang,63,YES,YES,,YES,YES,COMPLETE_VALID,NO
8f6872df4f469bc08caca147451efb6e0b33b9c3e0fc19c8a0f6884cd3a9c476,JacksonDatabind,10,YES,YES,,NO,NO,PENDING,YES
8f8083c2d4f06fbfa5c43892269286351e55f490e453ba545a2a8bdd1d3d115a,Codec,11,YES,YES,,NO,NO,PENDING,YES
8fd9b90711b91f978e0cb4f0fbf21eab340a60b45dc8f42e2d937b41fb42cfa2,Collections,18,YES,YES,,NO,NO,PENDING,YES
90008ca67c165019e42cd94063f15100a30707cf0ba9a06f18896a34aaf62515,JacksonDatabind,103,YES,YES,,NO,NO,PENDING,YES
900278d5caa1aabe831e08d669d74cc7482556a35106f0b96b409d2bbc1de2da,Closure,160,YES,YES,,NO,NO,PENDING,YES
912d21895049c7a4e4231f4752f05e8f936106d27e2e6272adf0d39cfb42e6b9,Lang,46,YES,YES,,YES,YES,COMPLETE_VALID,NO
916470f8ef87b3ed304c3373e7edc3d73564393afc8caa49a5e1373403214ce7,JacksonDatabind,18,YES,YES,,NO,NO,PENDING,YES
9185ed945fd864bd40d5568d0d006d6ac37fcf55df7aa92e959d7219d201d9e5,JacksonDatabind,27,YES,YES,,NO,NO,PENDING,YES
91bb1f4dac91c1e149fba7dbb5dbf95ed5fe6e323f935e307442ffb69408715a,Gson,10,YES,YES,,NO,NO,PENDING,YES
91c20146127ea8e844a2bffc29dc4a6abed4a08dc8defe87eed797e49008fcde,JacksonDatabind,75,YES,YES,,NO,NO,PENDING,YES
91d5fb66ded68028cf337a7a85e2e4512963d2334d2ad6edd4f5984c6023aae3,Lang,17,YES,YES,,YES,YES,COMPLETE_VALID,NO
91f01cb760dcc3ea4ebec4c6549108705e273a450c89f6a877016d02cbbeeff7,Math,88,YES,YES,,YES,YES,COMPLETE_VALID,NO
9215752c21c7af72601758bad211e811ba0245814f9458e161092462ac5d4635,Cli,14,YES,YES,,NO,NO,PENDING,YES
923298933d9af7914c498b010159d4c04990d98fa485c24a613b82e64168c78a,Jsoup,48,YES,YES,,NO,NO,PENDING,YES
926788bcff2963e288785df5d8e05cb84726ffb2e63c76b7279d62629defc09b,Codec,14,YES,YES,,NO,NO,PENDING,YES
929bd0350d429614d0457ff698f48f59c8b42798968e552379be83282eb5cfa5,Jsoup,10,YES,YES,,NO,NO,PENDING,YES
9345aa863e3c35dc654446ec605d7661476727aa586a1beaeab00150c615fb58,Closure,35,YES,YES,,NO,NO,PENDING,YES
935ec105b510592b0548e16d0764d0867ace39e1308d6dc6f1209dcfe2132208,JacksonCore,21,YES,YES,,NO,NO,PENDING,YES
93869c40ef66da8da927751f35882f08a2f91f37e70d96a63d7470a9285fc5af,Collections,5,YES,YES,,NO,NO,PENDING,YES
93ab818445418371d60b536866e6a8f431c84620073f4dda6939e02654662b60,Mockito,24,YES,YES,,NO,NO,PENDING,YES
93ed2912409af61f8a6b6412ee86be9d9f2d8996cbc66d0969495b9a3d9ac340,Closure,103,YES,YES,,NO,NO,PENDING,YES
94223b8350fec8ca0f5de7b772fc0fbb1d0d00119f67c3baa41cd781db2b966e,Closure,149,YES,YES,,NO,NO,PENDING,YES
944afd968ed0523a1c3f82206ce8554c58e9723b956b350b6bcfc96ba6754ccf,Cli,2,YES,YES,,NO,NO,PENDING,YES
9480a01ebe65513a39566a889bdc604cef174fba8cc4b9b3193f42d8e8f9592f,Closure,128,YES,YES,,NO,NO,PENDING,YES
94c7434cf86e7ee6c1e9ff61aea5cfe10e2b309b742242f87a5f734c3018bc35,Math,53,YES,YES,,YES,YES,COMPLETE_VALID,NO
94ca4ecf69d8e1d70e9f6ef4fd07e2e4d474e7c87f55e72b80d26fdda5b585b6,Lang,61,YES,YES,,YES,YES,COMPLETE_VALID,NO
94ee181204e78498ad4199e804d5de184167c5bb631ee1932a99e615582fcd13,Closure,85,YES,YES,,NO,NO,PENDING,YES
952d3b7cea653c47a99e81d18aea022c8ef12f41c08e85bf195674c84879d174,Jsoup,58,YES,YES,,NO,NO,PENDING,YES
9546581e06b59c6c6fde9aa2b41d65d259033b08ec958dfb1815c666c49a7466,Time,12,YES,YES,,NO,NO,PENDING,YES
95587cfafb893ef472694ed6595d5158f23a22ad992566f0398c49c371e44c3f,Closure,9,YES,YES,,NO,NO,PENDING,YES
9595347e9e87aacb30c4c7090562e8f46877ba8ae575c9156010c17e5a123f8b,Jsoup,8,YES,YES,,NO,NO,PENDING,YES
95a2d9d6d96cedb4191d310566d7e5b0434f1293648ab5149e69d5c9bb75b48b,Jsoup,84,YES,YES,,NO,NO,PENDING,YES
95df9e21bc27561501963df5cc4628cc084a34c9cdc4c59cdd776e8bfd0c6881,Time,22,YES,YES,,NO,NO,PENDING,YES
9607292ef6fe0ddaa6a229753a0cfcd804bc5c537ffdf4f4724afc3a2fcb3779,JxPath,13,YES,YES,,NO,NO,PENDING,YES
9662fd97cf1f52a107937dfd6088e663fe65b197499e36a410a7f62dac229aa7,Jsoup,89,YES,YES,,NO,NO,PENDING,YES
966b6aceabb4cd864debf1109900040514f45a556ecaee40c5de5e1b4860a6ce,Mockito,38,YES,YES,,NO,NO,PENDING,YES
96dca5c513ef3249301ff60dd5d0cb9c0b6f30c17e8091bd86b5f72f501fc0dd,Cli,19,YES,YES,,NO,NO,PENDING,YES
970bfa5473cd5899bf4885f96f2fd0371b8f64a7683770accbc1343a459f7d8b,Gson,18,YES,YES,,NO,NO,PENDING,YES
970d99ba39fdeaefb7e8f0618b5caf0fe061b68faa3a98633a9f410332b2f48e,Jsoup,33,YES,YES,,NO,NO,PENDING,YES
97785c6d77ee9ccf284bdb16b464bfa137c0fc9259bda69ab20ac45ddaf8395a,JxPath,5,YES,YES,,NO,NO,PENDING,YES
9789de649f622c7e3937c627629b00b72d473e5bbb010b16304f9e2229e42bed,Lang,7,YES,YES,,YES,YES,COMPLETE_VALID,NO
9883f82670c2c872b3c616e17c389e034bf81e74cf57e505b9cc45306c6f6647,JacksonDatabind,73,YES,YES,,NO,NO,PENDING,YES
98972d69b36212f47cd7bae5985362ff6202ce9c5cfb74c29480b202c765e3d3,JacksonCore,5,YES,YES,,NO,NO,PENDING,YES
98b3638300603bc66e6cddd3d706dcf947b18d9660f6f4937764200a994efadd,Compress,8,YES,YES,,NO,NO,PENDING,YES
98b7f3a6ba0ddb438e08874858ff8a18912e95295acdae34b1c67753c04c10a5,Math,8,YES,YES,,YES,YES,COMPLETE_VALID,NO
9918b55bf625ce4dd87671c09ce64af96d06b7fde81fdbbf90b353ab8bb64e76,JacksonDatabind,50,YES,YES,,NO,NO,PENDING,YES
99522678cabd97df28c77524e667a992d8f88e2f9b69f2cd3e30b477dfda5e42,Collections,4,YES,YES,,NO,NO,PENDING,YES
9960c4f364bea991919300efbf53e37c8d8bf1b4eb170bdfb19e4f5b5ec1f69a,Mockito,28,YES,YES,,NO,NO,PENDING,YES
99c18147d8e0f42db4fea8be0a56bafb04c8215f8d9cad42622daa50428a1fe0,Math,10,YES,YES,,YES,NO,TIMEOUT,NO
9a37ca8f082dc6f6771f86f8863e7182d2f95c940d7055c0aa689bb8ebe2e60f,Closure,50,YES,YES,,NO,NO,PENDING,YES
9aede30095b794063fe2d5a2a90d61933e8a855c24baf364e465d00440be9dc1,Closure,72,YES,YES,,NO,NO,PENDING,YES
9b6b5c7c3deeb29ca567e042c39503e51e60338c120ec6981caf07fd78cc8f7d,Csv,14,YES,YES,,NO,NO,PENDING,YES
9b6c169f469dce9b702061b40fe9a1f8e3017e80ec4fdec09931314d136245fc,Lang,19,YES,YES,,YES,YES,COMPLETE_VALID,NO
9bb237c85d84288a8b1adafca8e48dea644b9b2f765147ab981233b4a07e52b1,Closure,139,YES,YES,,NO,NO,PENDING,YES
9c1b4aa0ce5f6361e3946b7db84d6ee658b34446ce4e720926d812f6aaf9c7a5,Closure,4,YES,YES,,NO,NO,PENDING,YES
9c5028a287a67fe9241d225353c90347a5ee1ffe26e7fd47e1b885dbd7fe2d89,Jsoup,54,YES,YES,,NO,NO,PENDING,YES
9c5a6efe877fc8534e09c30661b974d4041f460baf9044ee81f400bce4382962,Closure,148,YES,YES,,NO,NO,PENDING,YES
9c88ffd9b8e4166fd104c8278da74735c3584dd82ffa0045565fcf5b2d33827a,JacksonDatabind,54,YES,YES,,NO,NO,PENDING,YES
9cd3f5d3fbde33b8373305eb100e9117ce57845d27064fc0b7b30cf1cf1e5643,Math,59,YES,YES,,YES,NO,TIMEOUT,NO
9d85c5e57350ecf1b2ec2b17706d2771ce170069be9c19998aa28647f9c387ec,JacksonDatabind,15,YES,YES,,NO,NO,PENDING,YES
9db9bc3d701c10e4ffdf9f43cb27f0756e63cfd7c4d57c79a7b408a6c027a4c6,Closure,33,YES,YES,,NO,NO,PENDING,YES
9e593ce5876cd862426e56b73f9d71f1278650d9ef03cb34622b87355497e4d1,Jsoup,53,YES,YES,,NO,NO,PENDING,YES
9eda6d53371a8f8b1bffb6277f90e9b5a007e8e06ee38e8b415b2c57b630457e,Codec,1,YES,YES,,NO,NO,PENDING,YES
9f69d358e6df33530d52fd086f4b129880b0c15d6cb3e9a3d662128383222541,JacksonDatabind,14,YES,YES,,NO,NO,PENDING,YES
9f895b4946d6df833b5da4680cf5b0bc45a004e515a511c6f216bc8d93d16ae3,JacksonDatabind,23,YES,YES,,NO,NO,PENDING,YES
9fac71f16d08be4c2428a1fb064f2370ec69db9ff73dfc844bd1942955dfb25b,Compress,33,YES,YES,,NO,NO,PENDING,YES
a01003b3b3fbde5a5305b944c1689e321a178d4558e97ed90e4d808b5dae60f7,Lang,30,YES,YES,,YES,YES,COMPLETE_VALID,NO
a019da72d3a4ea2f994374f78eb8e79a1d075ca44f4d50b4c1cd633d41f564de,Collections,19,YES,YES,,NO,NO,PENDING,YES
a0657fa4da5e66bbf14d7699291d8dbe498ae88e01a25e1182f5e2aab3420cf7,Collections,8,YES,YES,,NO,NO,PENDING,YES
a0666ec281fcf70377e882c538019dbf89bbad5bcbf265aec45f0f9436062cce,JacksonDatabind,47,YES,YES,,NO,NO,PENDING,YES
a0b8d763a35db49d0c74e6aedc4fba3f10d2d381c9377cb4d1c9f71fd99c97d3,Collections,2,YES,YES,,NO,NO,PENDING,YES
a0d842675c5331cd8bfa9df6526f1f89b395e43e26bfb2435f8a6855968e025e,JacksonDatabind,98,YES,YES,,NO,NO,PENDING,YES
a0df76e5214126e8b4a6048764dfbfdcfe3555fdbecbc58373b458fce3e41d8d,Csv,9,YES,YES,,NO,NO,PENDING,YES
a0edb115c30600e92f2d80d338227b992a75283b53d57298d24fcc17e8988fbc,Jsoup,24,YES,YES,,NO,NO,PENDING,YES
a113e2d38d6af1de9eb6ab26b984bf3b46368da411a12999b8615eee8a6f14fe,Closure,49,YES,YES,,NO,NO,PENDING,YES
a1b0e95ffa559f042c1f5e830602e833929c59acc8e399f997e08ca2ea843d47,Closure,98,YES,YES,,NO,NO,PENDING,YES
a1d5b4108084dcfb6a4d53f8f63495375a2f48a2b1cbfca42bf861c15f503291,JacksonDatabind,55,YES,YES,,NO,NO,PENDING,YES
a22447082e3cb5fee5a9b655db3f1240e1806e323de08c86d1e8ebba24d429bc,Compress,1,YES,YES,,NO,NO,PENDING,YES
a29771fafda2f1cd2335fb9ef0e326cfaa622d216746e5045727282b3e37bf1c,Closure,158,YES,YES,,NO,NO,PENDING,YES
a2a720d2d2ee65f8120bf48f436f408f540f5babdd8c8d215ea3c7f3f1f512ff,JacksonDatabind,35,YES,YES,,NO,NO,PENDING,YES
a2b775a47f4016e94d1a35cdeb4e9dd90c9a746329438fc64dc0fda133b31092,Compress,6,YES,YES,,NO,NO,PENDING,YES
a2babef1f68d09b32b92c847fa96a02fced21e1fc3cd963af1626309c452b4d6,JxPath,15,YES,YES,,NO,NO,PENDING,YES
a2d63b3052b80f3bf70bc3614af47d5121ee37a9270b3d98cb72b9b1c629b175,Closure,54,YES,YES,,NO,NO,PENDING,YES
a31ac96ee09529f15a0278ca64824f6c2e2c3785234f158d07c823cabfc5f6b0,Jsoup,64,YES,YES,,NO,NO,PENDING,YES
a376ebdfc603908e44f9e37d8fb20d0f0687356e39d9fe4a837c51dacd09d5a5,Jsoup,87,YES,YES,,NO,NO,PENDING,YES
a3bb80648ab496749aad131f073e7e2851c214f0e040dd787c3098ab2be19b76,Math,48,YES,YES,,YES,YES,COMPLETE_VALID,NO
a49652bece50ba5378f14e03cc0112928b79b5ba9db098aa4336d165cf3b7b39,JxPath,20,YES,YES,,NO,NO,PENDING,YES
a4d8ebd1c50e16df3babac0608611a2c2d47b13517356936dc963a53d9e0a358,Gson,14,YES,YES,,NO,NO,PENDING,YES
a54cbacec4cca5eef0fe7661fc169e9e91ce47c4dfaa15d8315d37ac58149fbd,Compress,16,YES,YES,,NO,NO,PENDING,YES
a68c37a17f2bbc9de0a0bcc83996d7fda8480981408e75cd528fc9cb064eab72,Math,42,YES,YES,,NO,NO,PENDING,YES
a7195bd7c35d85e41c19ca2142fe096fb71b617ab4f690f1ef40131ed29695b4,Math,96,YES,YES,,NO,NO,PENDING,YES
a74817e4595f1a73c1f4b94b718eb34f68bd21a770e74716bcb93c5b8b6f0c5e,Chart,15,YES,YES,,NO,NO,PENDING,YES
a74c570da74c76801a6763ea8bda345351de7ea4520973c80317e7e25e57d198,Closure,117,YES,YES,,NO,NO,PENDING,YES
a797a5b6eb60b4a7244f9084fcc27b89c51aa8207c24cb424250d8f6369b529b,Lang,50,YES,YES,,YES,YES,COMPLETE_VALID,NO
a7dd8a4ef644f935e09214bbd98776eed927332734c223993d9e596aa7c6f39f,Collections,17,YES,YES,,NO,NO,PENDING,YES
a8033d8ddeb179f4a9b7dd245e0c1709ad2fa75dd47a0d8379938face23c18bd,Lang,22,YES,YES,,YES,YES,COMPLETE_VALID,NO
a821a6e53e34a8017d9a103314702a0be10663023040f61a6f128e99d2510eb4,JacksonXml,4,YES,YES,,NO,NO,PENDING,YES
a82c0919252f94a021c3cc5ee53bd19f3bb4a661cb8e7f1db1144b6711e32eeb,Jsoup,45,YES,YES,,NO,NO,PENDING,YES
a84845edbc3a8e6638341007be18a23ae1f4a0deb63ab38d1cc8dffe8c3a4633,Jsoup,1,YES,YES,,NO,NO,PENDING,YES
a939c36fcac3e6bafbab74a8d719ccccfe987115ed44674c410501bed6da0b39,Closure,45,YES,YES,,NO,NO,PENDING,YES
a97861019db4a5a7bc3bf83cc24e5480e6aa8d017554283f020ffb72783f93c1,JacksonDatabind,109,YES,YES,,NO,NO,PENDING,YES
a9ba38f6e607a562d554330b216cdddc8ff011e872124749f0555614197c9472,Cli,17,YES,YES,,NO,NO,PENDING,YES
aa347fa399324573ed6679c4f9bcb95494d64c9650183d0a894ad54330391c1e,Mockito,26,YES,YES,,NO,NO,PENDING,YES
aa65f4b4499faa9a3f9ca0501c93003fcd266d4436fdd191c0fe6dcf931aafc7,JacksonDatabind,1,YES,YES,,NO,NO,PENDING,YES
abd69672fdedd8dd3a21669a15f692033e5ecdc49b3bcb61e83c02892cf3f9d9,Closure,163,YES,YES,,NO,NO,PENDING,YES
ac65ff77d55dd9bbb82cd36d6395cf57adcc641a29edbfe1bf4480334de12c8a,Closure,46,YES,YES,,NO,NO,PENDING,YES
acdcdde93f53f0de7aa9c1d1daa7ca252c8c0f694073252239d4279d2c368e4c,Closure,126,YES,YES,,NO,NO,PENDING,YES
ad749a58704a76c5d9972d4650967a9646eb36e36ff9774e84d394b764b32f0c,Cli,30,YES,YES,,NO,NO,PENDING,YES
ad82fa29283ac9183b48644c5884c528443ed56fd335fd81a7566043a85b80fa,Chart,1,YES,YES,,NO,NO,PENDING,YES
ad846e1b42f99fa7587eca07d7b3ed33f7ea16fcfcb2b0878c5e3702a45d68e0,Mockito,16,YES,YES,,NO,NO,PENDING,YES
ad86a6b6d3f5b411309513d476f1c81b66af5d4297c8c60f10271d0aaeebf736,Mockito,5,YES,YES,,NO,NO,PENDING,YES
adb969fc66056401fcc18677d623ef0656666c62285c3d663b9465c68ddf2e76,Chart,8,YES,YES,,NO,NO,PENDING,YES
adf646936e584e33ec3236f33aacc2710f33d73f3a84a37fc4aef19875c44ec0,Compress,3,YES,YES,,NO,NO,PENDING,YES
ae789b0725cc07f024e698bcdeecce9f52fe5796f28d28b27ecd188a2a1be1b7,Closure,156,YES,YES,,NO,NO,PENDING,YES
aedc7d456cd9fecf16bc0382d9761cde5c7302d8f9dae3c50ed8aa77156d9341,Closure,5,YES,YES,,NO,NO,PENDING,YES
af50df07ed687ddf30aeb93682c1adc068301a2445394b4e147cc70fa37a7225,Closure,109,YES,YES,,NO,NO,PENDING,YES
af6a4b7bc224257b16a04db6e25266c0e75d7a0eb0df045376713204c5259c5b,Compress,13,YES,YES,,NO,NO,PENDING,YES
af882468a1506cf676e963a63e87f323b91e77439307f386e1f5e9a7999c4d7a,Collections,14,YES,YES,,NO,NO,PENDING,YES
affc96640400b7a0fab46602cd627f3f2db25f64c5b80b7b5271df8bc1ed6801,JacksonDatabind,108,YES,YES,,NO,NO,PENDING,YES
b011ea36a5c77cdd129505d9bb15c8c962e049a731b537fb7c4eeed66d70d53a,Math,7,YES,YES,,YES,NO,TIMEOUT,NO
b05318d5d4f619bbb236a2ce11f190ba3b7bbd3e6c64076f7c5fb7a7e51b49bd,Time,27,YES,YES,,NO,NO,PENDING,YES
b0604df79a2eaef2fb58858bf5409d4aca3f252c36e20897faa35b39516432cd,Gson,16,YES,YES,,NO,NO,PENDING,YES
b0adc4ab3617334219789967c0ce23da2da492171a93fcc84ddffbb57500f713,JxPath,16,YES,YES,,NO,NO,PENDING,YES
b0ba51f667f8d71c34187bb2abc274795ba6bc3a5d99d5efe6456474b3861f11,Lang,62,YES,YES,,YES,NO,MUTATION_FAILURE,NO
b0d5788d34edbcbbe5a0e0374200e6a6ab64923eed6fb0dce104c95effbecdc6,Math,78,YES,YES,,NO,NO,PENDING,YES
b0d6def6bf342a1c63fb8c7479a61687097a0f20a16d600059201a2d4c677a5a,Math,29,YES,YES,,YES,YES,COMPLETE_VALID,NO
b0d879c105e63efb6788a07b27ba1ae23ec965b3dd14417065092d07653cd161,Closure,65,YES,YES,,NO,NO,PENDING,YES
b0dbdd053acb05dc429f00bcac09b0c7c8b8d0518af401750f92b5dc8769132d,Compress,34,YES,YES,,NO,NO,PENDING,YES
b12562243604a39df55d08120307f8cea870669e44eac100006d16ccfd637a1a,Closure,39,YES,YES,,NO,NO,PENDING,YES
b1a2b7f6bebe213432052cce8afde731a0491f773adedb82d696d0e0f59a7055,Jsoup,66,YES,YES,,NO,NO,PENDING,YES
b1e49d2df2848755a54152f17806e14aa4170e5bc04bf18763190f0e0d4e9e2d,Compress,41,YES,YES,,NO,NO,PENDING,YES
b1f358f60553706644989c64646f7ad0b9d54863f7b442900aa8caf287ae324f,Closure,127,YES,YES,,NO,NO,PENDING,YES
b21010632f83577deb0a4b1e86051f165733a9b88a1d02db0a2f32ab0cf03787,Jsoup,22,YES,YES,,NO,NO,PENDING,YES
b263e146621423922b98a77d81718a92a277e1521ac7dcd63f083c7b8944bec9,Closure,28,YES,YES,,NO,NO,PENDING,YES
b28e91731c032b8b2e2a8898d3cf24d972bc791a4acb395cd8940d2d8af9278b,Jsoup,28,YES,YES,,NO,NO,PENDING,YES
b2f5961291bb0ba83e533fc7235bf11439be9eff6832bacbd36bba9672e58997,Compress,9,YES,YES,,NO,NO,PENDING,YES
b36226b10cb79a2506ff35ac4a1866d748b7237bad33b7891150e2be7d9eab28,Jsoup,26,YES,YES,,NO,NO,PENDING,YES
b3d3540dffcf982dea98a1dbe7017f2705907f96b0923220bcd9318b408c7216,Lang,6,YES,YES,,YES,YES,COMPLETE_VALID,NO
b44ac1b0e0bcb9b0d8a365ee1026c9c00846bc255d0f4ab67eda781f87ca10e7,Math,17,YES,YES,,YES,NO,TIMEOUT,NO
b53fd334545968398b1a1f2b62d0a73adf360778b7f0543b7842181feac087bf,JacksonDatabind,12,YES,YES,,NO,NO,PENDING,YES
b56953ff4aec4c1223a1d4319b0643825af18451bf7ce90a95355c8da139f50a,Closure,142,YES,YES,,NO,NO,PENDING,YES
b608d65d04b7764d41d5e18c54613c03532919914c877e2f6d23512bb9ab9ae5,Jsoup,55,YES,YES,,NO,NO,PENDING,YES
b6e185728f729cf4dae977803664ed5de1d2612f1d676f49b9a73a31c82944d8,Closure,135,YES,YES,,NO,NO,PENDING,YES
b76c286a81a5bc4352f3e44995680a7e8ad817db855daacf0cb1cc0447db888a,Jsoup,71,YES,YES,,NO,NO,PENDING,YES
b773f98af9ac6954c2b6826c9ae174cb5a42043bd781c0d10d316f42ba87c135,Mockito,12,YES,YES,,NO,NO,PENDING,YES
b7c23e0d1eea5c107563a0cc13832cb682a011cfd98010951cf30d0a7af0bf3d,Mockito,18,YES,YES,,NO,NO,PENDING,YES
b7d0110d649774cb93bc6d59532958cd31b9a34e35b434926dfa2e06ef86a911,JacksonDatabind,20,YES,YES,,NO,NO,PENDING,YES
b831bc7d636174da5fee9ccf17e4b9ae7e2660d0f97f4869c111693f14124f56,JacksonDatabind,19,YES,YES,,NO,NO,PENDING,YES
b843727da5aaec44626e1650e994badc54926f4d6f1e83dbdb157d356a1d33a6,Jsoup,56,YES,YES,,NO,NO,PENDING,YES
b8a37b28b598c5e0f9b095d2c66dee95f4767225a22229c961e625bc82fb7583,Cli,36,YES,YES,,NO,NO,PENDING,YES
b8b1ce562b6344600a37874861fc96882f00c6a7113b358baba83a38b088b08e,Collections,10,YES,YES,,NO,NO,PENDING,YES
b94ea238f552e6c0c9538ccf98abf01be29c00328417ff2bf124190bb24c2288,Closure,169,YES,YES,,NO,NO,PENDING,YES
b9be2fa6b5fcc447792c192388d014d95933caeb1ae296f3d1ce7d01768bfb58,Mockito,35,YES,YES,,NO,NO,PENDING,YES
b9c1b41ccfc5139ee71c950c135274749e62139e4658d1178a412fc1c9b6e9cc,Math,34,YES,YES,,NO,NO,PENDING,YES
ba670c2d4e21989edca8ab0e09b52f3bb9164a761346d952b5d9b02f7dd9e3e8,JacksonDatabind,94,YES,YES,,NO,NO,PENDING,YES
bb7943fe990677977866bbbe9ebb54fd13db5b3e56e8164fbc0a0d770450058c,JacksonDatabind,37,YES,YES,,NO,NO,PENDING,YES
bbb13054b53a9edd3b098ea06ab0f2b501b3072ddf2d7ec394ec70a1bd2386f2,Cli,23,YES,YES,,NO,NO,PENDING,YES
bbd7d520202b8e60a24ba2ca6c9a018f31041ddedc16ca9774cdad921dcb0bb8,Math,79,YES,YES,,NO,NO,PENDING,YES
bbe3fc40618c2b5e4ab68c619e74b4c7a0779fae6ed66eed8d9a1ab9f256b063,Compress,5,YES,YES,,NO,NO,PENDING,YES
bc468a273ca84b18c8bd4c11043addb269046c77cc68207f7ea2907ecdc42056,JacksonCore,19,YES,YES,,NO,NO,PENDING,YES
bc4ed32caf1db832d8811cec43c2b9efc1508b510e4919f3910c2266add57fbe,Time,24,YES,YES,,NO,NO,PENDING,YES
bc5cd6251e5c2e86dd1d42bb389357226e523ea83f642b93e6d1cd518bb7f87f,Math,22,YES,YES,,NO,NO,PENDING,YES
bce8de42b4dc920ac8be9615bf0e0aa0a4e6dcbbff17239b899d633ee7f68f10,Closure,108,YES,YES,,NO,NO,PENDING,YES
bdef5b90645fac4f62ad90799407884c0efb316df35f49228c35aba03cdd1a43,Mockito,2,YES,YES,,NO,NO,PENDING,YES
bf113bb73b7d00388c796f5876770d6d64b55822680dbcf7b10daf0f9e6657a2,JacksonDatabind,74,YES,YES,,NO,NO,PENDING,YES
bf81d393fd5a9b7ee70d8c950741d0712125dec0f2707d542feb055bb8f80035,Jsoup,92,YES,YES,,NO,NO,PENDING,YES
bfc40becd1298e293f351b7acaebd68888824df4afbeeeacdc4b6b6371ef9031,Math,68,YES,YES,,NO,NO,PENDING,YES
c00d8a12ef5d5bc2fd0cdda73bf49db17cdeb4adb0b1ee3759bb08276c68e8ec,Jsoup,67,YES,YES,,NO,NO,PENDING,YES
c0a802a8251bb2c677659f320f3e3abfc8c345e9e7eb1e5b8eda99dec6de3570,Compress,19,YES,YES,,NO,NO,PENDING,YES
c1109c0cd0b2e2f4d0b7e1eb43afebcc7b8b4c6e2ee8b13e1cc2a41c3cec9dee,Lang,11,YES,YES,,YES,YES,COMPLETE_VALID,NO
c14b76146b3855104d1070398fd0d7d0d3cac0a92f690a73d20c14f60350c655,Math,95,YES,YES,,YES,YES,COMPLETE_VALID,NO
c14bdba660e3fe444e971453f541a1a5d422836c6fd30eb91eb7cec1620fc825,Closure,137,YES,YES,,NO,NO,PENDING,YES
c14fbf55e6f9616b066505d625e18548cb9613716c503648cf9291f0f0492d07,Time,26,YES,YES,,NO,NO,PENDING,YES
c174670641cba88ccdf87b0a9deda769d4210284f13213ff90f6440d4020af29,Cli,24,YES,YES,,NO,NO,PENDING,YES
c1db92166d76b73f0fe748a8d6e7fff3023af3a642e4c3b19debe0c9ac985938,Math,92,YES,YES,,YES,YES,COMPLETE_VALID,NO
c2b3af275f95f413e36122e94dd10e3e46cd73d9eeeb48ee565bf43941d65900,Closure,134,YES,YES,,NO,NO,PENDING,YES
c2c1685515e24440ad696c69f5aa7b3e1efe134ccde4393972dee5fc43ee1827,Jsoup,69,YES,YES,,NO,NO,PENDING,YES
c3251c2566730d3b4c123db8b3acb266046bde1735b5f1b4e29d477988f6b24b,Closure,100,YES,YES,,NO,NO,PENDING,YES
c36e262c5e97fb8f52cbb596e8bea9fda3c0658e43dfe63c016c8b088f59f4a2,Gson,12,YES,YES,,NO,NO,PENDING,YES
c37bc829015f15a0c59092f85b4da29d28ac7dd236fa890e119958c0baa89e7a,Math,84,YES,YES,,YES,YES,COMPLETE_VALID,NO
c3adcd6726ed5970dbac60e87eabe8280b9d3190be293e675470ace377f4822b,JacksonDatabind,33,YES,YES,,NO,NO,PENDING,YES
c3fc04221e1b93bf01f77aea2438467e0041d11566e6d4849b8957d3ea9eeec2,Cli,26,YES,YES,,NO,NO,PENDING,YES
c40dd263cdd977ecc0dc83363aa067f1f13f716e32698fa614f659be955ad557,Math,71,YES,YES,,NO,NO,PENDING,YES
c4a4c7b264c436ae37747cc51dc00657e2d060abfeb60ce4539c086c3136c9e2,Math,32,YES,YES,,NO,NO,PENDING,YES
c4f2d6520635e566d99104e8f387dd9fd905aa88d8eaac8052f802d1fcf8f505,Closure,15,YES,YES,,NO,NO,PENDING,YES
c52e17332069cddc989cfe028377dadbcbb5d565cf5530985bc9179195833fed,Codec,6,YES,YES,,NO,NO,PENDING,YES
c5bf3c954d697972f9c7ac721041b1ee787df78ab4a55900d36f725d0db02a53,Chart,21,YES,YES,,NO,NO,PENDING,YES
c62b4fa52dbe916e9741fcfd501ccc753b6f4a6b2cb47105ca36a18645ed1142,Jsoup,17,YES,YES,,NO,NO,PENDING,YES
c65df5088b5fe22dcdd14975ee00cb08d3cc6f447e7159c96dd995d7e5286204,Jsoup,47,YES,YES,,NO,NO,PENDING,YES
c664cc33c92d37e78015b0626b9dd8296666015494e3a7f199279005156ba10e,JacksonDatabind,26,YES,YES,,NO,NO,PENDING,YES
c6698d97f36264c8d822bcdbd43874bb4f013dffe02e9259d47c6a22a64c7f71,Time,3,YES,YES,,NO,NO,PENDING,YES
c67fce2795d10ba9c7771d15373f95965acd308c0df08e9c0216e85383e540b6,JacksonCore,1,YES,YES,,NO,NO,PENDING,YES
c6de5dac5c219d49eb6c77562658626d6e09abd962f237f458acd3e33879810a,Closure,84,YES,YES,,NO,NO,PENDING,YES
c75542c169ac80c3fb8fc3d9e0f4a4e0aafc6070b2d4f41dc017f06bdd49a73e,Closure,89,YES,YES,,NO,NO,PENDING,YES
c7ac0a33a79e038ba429ae7a751c8e7e2e3daba4b42fc80e71decfd59a4732e6,JacksonDatabind,77,YES,YES,,NO,NO,PENDING,YES
c852f6bbbea7e6a1a11742b10ecd6a32b37971fb348d97cde459fd1e4742b9ad,Jsoup,73,YES,YES,,NO,NO,PENDING,YES
c86390d81df45de6e14685ee533a02d573310c17ea8db79d800264ad3453c23a,Closure,99,YES,YES,,NO,NO,PENDING,YES
c905266e8adc17323ba7ad155ccb8dd99c3de3d8a124bc170dff9bb55f5e09fc,Collections,23,YES,YES,,NO,NO,PENDING,YES
c93813fe8774c79bc95fb65cd2311ce529e256e35f40c3b47a96e5c7a0650653,Jsoup,25,YES,YES,,NO,NO,PENDING,YES
c96593c4a6cbe4189bc434aa17a11795e3635d7e6a78146b677a033f8916d05e,Collections,1,YES,YES,,NO,NO,PENDING,YES
ca4f7b2ba62697c2ea4bf527e5580f5b4039e3124ee3c959ddaadbc4b61af541,Jsoup,34,YES,YES,,NO,NO,PENDING,YES
ca6cdb6d854a6d7d886b564efff2c04ee3463f3f2be612914af91130a80d497a,JacksonDatabind,53,YES,YES,,NO,NO,PENDING,YES
cabdb85a397e647816f62e9721f45ef284090595aafabdd77d7489d1ab330822,Cli,34,YES,YES,,NO,NO,PENDING,YES
cacedd4c12b030ab31f82890a93b0d7309eede486083ac7ee8d47ff55e015ca2,Csv,1,YES,YES,,NO,NO,PENDING,YES
cb51e82f2298e762b7c59e6e94205e1f7bcdf8afe2012e979394f922969ba291,Time,14,YES,YES,,NO,NO,PENDING,YES
cb6eb771c2365642a84f8a963a37fa398bffd7571f19e4b218d2d0be7d0fe6bc,Collections,27,YES,YES,,NO,NO,PENDING,YES
cbb38b889d1c671cb6c5f99117ea6be8c2cd59baa028c44cae923a44e31a66d1,Jsoup,90,YES,YES,,NO,NO,PENDING,YES
cbd72a93d7a4818d3710b956d59a408bf6e5a434430703a392bfddc5687884a3,JacksonCore,18,YES,YES,,NO,NO,PENDING,YES
cc23fbb1ae059dede7eb68bcf3753d0560d390b1466c7a14fa015342f5d97ba7,Chart,14,YES,YES,,NO,NO,PENDING,YES
cc54747ed584268ee238e1dcf56fd75585fab577b7c01e720caad5ce25ca8dfe,Compress,14,YES,YES,,NO,NO,PENDING,YES
cc690129aff58cd5cfdb442d0445d2d4295a662a3d8bb20a73b3f702c0ee770c,Mockito,30,YES,YES,,NO,NO,PENDING,YES
ccc878ee01f76564606a1e69720e2533f58350e4524cfaf43b4bde0f008e7a44,JacksonDatabind,16,YES,YES,,NO,NO,PENDING,YES
ccd9e60647709f0e2cbc983eb28572022a5cb67fa833425cba3aa9f3b1df9089,Jsoup,42,YES,YES,,NO,NO,PENDING,YES
cce6ed9d5d1be5bc0c0a301a32544c442d15f10f4a7db61b5c92a3fa2699a21d,Jsoup,72,YES,YES,,NO,NO,PENDING,YES
ce45cd76ef5b2292d3f56d1a24f42e4979e9318574e22bc5addff9e3d55aab02,JacksonDatabind,36,YES,YES,,NO,NO,PENDING,YES
ce74f64241bacd2df9bb114d9afe1e1f7b051e9cca1e3ba43b86ac0f723fec8b,JacksonDatabind,71,YES,YES,,NO,NO,PENDING,YES
ce84991c12e35463fdc8ea569ef5c9dfb55a163c39e0937a81ec976907eb9f3f,Closure,25,YES,YES,,NO,NO,PENDING,YES
ceabf427090e95660202cbc1c99408e701e540d4cc00afd71589fca78cfa1360,Closure,21,YES,YES,,NO,NO,PENDING,YES
cf06bd5acc5dea1d44aedccea1ed5374305d57bcd6287c14e85caa6f9a1c5018,Cli,32,YES,YES,,NO,NO,PENDING,YES
cf550ff574d2aac8cc9efc60703d1536a2cefc3e4349ee8d31f59938318ac93a,Compress,29,YES,YES,,NO,NO,PENDING,YES
cfe8e14b09c4ae3609e32c9ad0e52ee04d8530a1cdaf63ae2e471d584b73c745,Closure,10,YES,YES,,NO,NO,PENDING,YES
d03e53ea2e7c1fe2490863575ff91faed6daff5d84c1ebc3cbc9a67985884dd1,Closure,2,YES,YES,,NO,NO,PENDING,YES
d06cf8dba185f45c0eeb3dd7ec5d2d7e58f055723304ad36924b8aa2b644f86d,Time,9,YES,YES,,NO,NO,PENDING,YES
d07de5775d81fff9863aeb8cd2de4fe731a02523b2bebec378dab2e696f44977,Jsoup,37,YES,YES,,NO,NO,PENDING,YES
d0b99d3781cad42c71669ce2e271b1b546275b22fcdf426458e125bfec2d13e7,Collections,11,YES,YES,,NO,NO,PENDING,YES
d0c999382d1f27d166712da80ddfae269787f2892d1ffbf1800bf96a9585983d,Jsoup,2,YES,YES,,NO,NO,PENDING,YES
d1442fde45d89e6509a945cd5d13a9baf6a7652c71966c549d64c9541c1fd86f,Compress,7,YES,YES,,NO,NO,PENDING,YES
d1784fdf18dc930979a2aa0ab4f2993f6ace33a9825cd1dc15f54fae8530c34b,JacksonCore,12,YES,YES,,NO,NO,PENDING,YES
d208284cafd08765c18dd21713dc5223d2dfac4c72156c0c5a384c15d786d7dc,JacksonDatabind,81,YES,YES,,NO,NO,PENDING,YES
d2388643e4e9d5ac7a705356f4f0c0c577c587c863051f5347bc22b158cb0b61,Jsoup,43,YES,YES,,NO,NO,PENDING,YES
d36d281786ef282b8bc356db2fc340392bb488ea7cbb2fa8ed08b7306b22248f,Chart,23,YES,YES,,NO,NO,PENDING,YES
d375ca1ad1de09c421edc1d1b1cb7bc51566373d4c1bcf0185f235aaa70b5c7d,Closure,168,YES,YES,,NO,NO,PENDING,YES
d3916fe82d6d64332df57e43032edc429519048dd5cba36d31f6dea384e11e39,Math,72,YES,YES,,NO,NO,PENDING,YES
d3e0824cd3b317de98c8cc9e78a38f6254d699d98666f466c888eef1b2eb7405,Cli,11,YES,YES,,NO,NO,PENDING,YES
d3e6caac0d976d7277bef32dcf05a59fa32671ab09a3d11033f5e926cbf413b4,Math,16,YES,YES,,YES,NO,TIMEOUT,NO
d408b4a489d792546aced33471ab73da97a0a3d1de01a120a61e49bf96858bd0,Math,46,YES,YES,,NO,NO,PENDING,YES
d446a6fa7e31f757734faae0634aa0a1f365afa0266aeabc512b183452bd964e,Compress,30,YES,YES,,NO,NO,PENDING,YES
d46c20d5c213db6f66e43611e86dac5f7c6b4dc4a20955f078398259e1278c8a,Cli,39,YES,YES,,NO,NO,PENDING,YES
d4a3a3f3792fddcf4f821524a2d43e4bfe65c961754a9a33ee076449f7b5169e,JacksonCore,3,YES,YES,,NO,NO,PENDING,YES
d4bfc08be8f5b5dae88d5358804a84289556c3b2e9116345f751bbf98ad4060d,JacksonDatabind,43,YES,YES,,NO,NO,PENDING,YES
d55dacef5b30520100d77a7506dfc7db7291ff82ddecade5ce8655141f5f6355,Collections,20,YES,YES,,NO,NO,PENDING,YES
d5ebc188431db2c71bb4e7844b4a601ced432325d0b52a87db07ead7a09d681f,Closure,7,YES,YES,,NO,NO,PENDING,YES
d6d5bf02c5faa77b64157b04cff532e93b3e9f345d82baef3f7249e06e851a2a,Closure,31,YES,YES,,NO,NO,PENDING,YES
d73570ded8318d9a5ab1a8036ccf085c1d66fbe611567fc265346036cc905542,Closure,173,YES,YES,,NO,NO,PENDING,YES
d75a725d81305dbf7a9ebbdfe9d60db167ea33f2b6973078f6723d0f097e9873,Math,28,YES,YES,,YES,YES,COMPLETE_VALID,NO
d7602fc5d732367248c11d71692a56f7ebcbe54489c5fbbe551eb80f2624f569,Math,61,YES,YES,,NO,NO,PENDING,YES
d7bcaab23ea9c5ce3c9a396a3b45bc400593928dd35ce94530ea105c5889c6b0,Jsoup,14,YES,YES,,NO,NO,PENDING,YES
d87a20ce5ba22a6f3b747d4df52018d02e11846fce9021e4b6e58227a16aa252,Mockito,9,YES,YES,,NO,NO,PENDING,YES
d8b45bf313898a1e52bbf3dfb179510a74cde21a6b5c455e26a48b4005003aad,Mockito,32,YES,YES,,NO,NO,PENDING,YES
d9256fda38be5d48f4e6e5b04b4118c42308e0f88aa48ea6b8fee64481de0874,Closure,111,YES,YES,,NO,NO,PENDING,YES
d9b299bcb6a9ac7531bd98743e154fd1062a22f5774469b7b5d0ad63e3cce5e7,JacksonDatabind,110,YES,YES,,NO,NO,PENDING,YES
d9e149d4bc75397c2368988a5f8e709e879aee078d4e191fe67950c199f34c90,Chart,22,YES,YES,,NO,NO,PENDING,YES
d9f16f1c024b24ae1d8e78f34257b41cb0f53bfc8d1644c57195a11cdd20b21c,Jsoup,79,YES,YES,,NO,NO,PENDING,YES
da2c679c2b6a9c45712ec8acda56dbe19eda1f0bbd6dbe595a8a42f767b9bf39,Closure,71,YES,YES,,NO,NO,PENDING,YES
da744bc6611bca542d053e410b3092b15ac59bbc6a8106b9dea9165b1db4c312,Cli,33,YES,YES,,NO,NO,PENDING,YES
da9585c0b569849fde11c1320c00e07095ba3bad51a280b7be61dc1ca1facb49,Lang,26,YES,YES,,YES,YES,COMPLETE_VALID,NO
dac3dc18e7f69318c0d6f8302a0cb552aeb3898a83586a3b7f96a40ba6d2ade6,Gson,2,YES,YES,,NO,NO,PENDING,YES
dbf9616d9613cc3f4db844cc85eb665d5e9c4f52a43416b0acb3038d1b80ba1c,JxPath,8,YES,YES,,NO,NO,PENDING,YES
dc62c72209003a6c09f8aedd5f62f1a290149537c9f3e6a13e5fdcb076af9c1a,Lang,24,YES,YES,,YES,YES,COMPLETE_VALID,NO
dca6f831ad092f18605773ed576783ea07eb77c2d036a532db6d4e3fb9fbfdc3,Lang,16,YES,YES,,YES,YES,COMPLETE_VALID,NO
dd0c7971775ade228276a55756a2a1cb08bf573787ffa89fbcc30f97b9a3fd10,Lang,1,YES,YES,,YES,YES,COMPLETE_VALID,NO
dd5ff210b1da03318bd187dbf6a8c1fd352a2d4b9542d9394903ed9ca89e5af3,Math,101,YES,YES,,YES,YES,COMPLETE_VALID,NO
dd638250b6526607fe5b6b8194e840676c7c7b061f485898410a86f0542cdb68,Compress,46,YES,YES,,NO,NO,PENDING,YES
dde0832dc0a3be7790c6bd115ea002d683540621a813ccc76fa302a8361f0824,Time,4,YES,YES,,NO,NO,PENDING,YES
de16a67dcc484d8abdb49c0ba9ee4fd7f2eee76ffb49dc9e2f92b845ac327be3,Compress,38,YES,YES,,NO,NO,PENDING,YES
de24205b3a5f4be81b6598cca25db0f3e4989e49bcba665bc4ccad105e3154a5,Closure,152,YES,YES,,NO,NO,PENDING,YES
de674c4fe323f3b160d547e1c5a957cda6f7fde9857be179092a8806de94c856,Compress,4,YES,YES,,NO,NO,PENDING,YES
dfc6910432a0f61d00662ab6a063015a25e1aa937fb35ffcf158b950550e4dfe,Lang,36,YES,YES,,YES,YES,COMPLETE_VALID,NO
dfe504068629fbbcb132ff714a3d27ccc5874ec025973ee2cf7e1476ab487591,JacksonDatabind,5,YES,YES,,NO,NO,PENDING,YES
e018b990127aaf14155031e3128cb13ea4f54142672fcea48a6259490e10e344,Lang,29,YES,YES,,YES,YES,COMPLETE_VALID,NO
e046704b0eff7c1c072548ea34b0afdad2d3aeaafa552405a12c29d88a6b1259,Closure,124,YES,YES,,NO,NO,PENDING,YES
e06ac5d2106a80469c73e3bbec1e16bb7bb62dd7255547d5528ef0de7e2f50d9,JacksonCore,15,YES,YES,,NO,NO,PENDING,YES
e087c64edb2e0cd0cdfe0f7ec0df3887487bc8f83faddc1c8a476b520169ff54,JacksonCore,16,YES,YES,,NO,NO,PENDING,YES
e09333b827283ec04ef8d29adb15a0b982c49704dad899e80bd75b8131be02a4,Collections,6,YES,YES,,NO,NO,PENDING,YES
e0efee3ea4d356eac5ef147fbd0559fce876cecc683027eb173bafff0d203d41,Closure,161,YES,YES,,NO,NO,PENDING,YES
e100005c55bbf8171c95d9c7a0c21a4a5caa727d38a7a1b3b8e0ae81d4097868,JacksonDatabind,80,YES,YES,,NO,NO,PENDING,YES
e1704a9146dedab29443599909eae932593f0fcd841121e017f50f6dfdb8bfe9,Math,90,YES,YES,,NO,NO,PENDING,YES
e192c4d4ac1153f392b894b18514a77ff61394e3ccaecfefe5f624e3aa917840,JacksonDatabind,52,YES,YES,,NO,NO,PENDING,YES
e19ff2cdb40a60a5c48940aa6f251301257c6a9627fa095927f9ae243354b277,Lang,44,YES,YES,,YES,YES,COMPLETE_VALID,NO
e2649a61de71970751d06ee05c239760ce4282563616a49708378fcc06fbdf04,JacksonDatabind,21,YES,YES,,NO,NO,PENDING,YES
e2c149198d4358c047abf53bcfb9d280c49276b465bdfe6885a3ee3357d77b93,JacksonDatabind,2,YES,YES,,NO,NO,PENDING,YES
e2d02d249c76e733678ea080a57458707e1f297e5e30d5e9d1ea3434324dc624,Lang,5,YES,YES,,YES,YES,COMPLETE_VALID,NO
e395168d683f26870f4cabbbee5015afd8715205762292c84a414f877cdcf3ca,Closure,67,YES,YES,,NO,NO,PENDING,YES
e3b885d8f210498b2d5bc98522d78abd431dd066217fadf6c9a40b7ba3feeb10,Closure,110,YES,YES,,NO,NO,PENDING,YES
e41f45eea912ed69b32b2916dda28280adf6e37547b07a021951f6aaf6de5b28,Closure,115,YES,YES,,NO,NO,PENDING,YES
e439770d50ec78925dd239f3f301d63345108e725cee18ddb657eb606b931081,Math,27,YES,YES,,YES,YES,COMPLETE_VALID,NO
e43b1cff77977d8f2eb09a00543ae9dc6dc17c729b1c9d7e7e4467003e9da143,Gson,3,YES,YES,,NO,NO,PENDING,YES
e46eb004b2ca4b6a562c6d2a965abca9a54815f0db28e0bf29ffb5ec45f83d17,JacksonDatabind,41,YES,YES,,NO,NO,PENDING,YES
e52c93ce16ddaea197e810c4dc930b5ac83dd4d3c0ac26039fae1b9ada9db4c9,Compress,28,YES,YES,,NO,NO,PENDING,YES
e572a58312e7866abc4d9b41b802da5f94c3d38f1da6a10368cda0d04d73006d,Chart,20,YES,YES,,NO,NO,PENDING,YES
e5c20299959a7429ebb863baf4e2097d2f90df765634b2ffdefe31cfa94fbc00,Math,44,YES,YES,,NO,NO,PENDING,YES
e5ce055df332425dc8ec05ed76859f69b42d0197b4b0b9783883e1119f5c8624,Gson,11,YES,YES,,NO,NO,PENDING,YES
e62f42d036d736b06d968dd366a12ee58ba1f232682d6546ae060c860e65ec32,Compress,36,YES,YES,,NO,NO,PENDING,YES
e655e250057bb04e21a9964fc1e79d90c2aadfa9b544e3dd85172f77e8812d07,Closure,60,YES,YES,,NO,NO,PENDING,YES
e68bee78bfad2ec68a56e1cf5ca402415ca2f4cc5719b19d3004107bebb9f66c,Csv,2,YES,YES,,NO,NO,PENDING,YES
e6d719a15868ccba2f9958c2d00a657a9527e19f059b92c9c42aa532765d0ea5,Jsoup,13,YES,YES,,NO,NO,PENDING,YES
e70ec7db594fc810542cb4f42ad7e4aa5757bdf391ee735c86a096f23369f0dd,Closure,171,YES,YES,,NO,NO,PENDING,YES
e71f1288e7a5ec30f92cee4be93421c7a7122714998c51f9c2dc68365d93afd4,JacksonDatabind,90,YES,YES,,NO,NO,PENDING,YES
e72b8bfa4367ec8570a40c7ee384dad049ca6492193933d693ec4d870e13931e,Closure,34,YES,YES,,NO,NO,PENDING,YES
e73ddaa2a368e23953c224d88105311ff8b8b8c1d0c92a67508777ea714780cf,JacksonCore,22,YES,YES,,NO,NO,PENDING,YES
e7afb30e26a72b651a3ce5daf01387ecdf1f1d25cc7e5544fe71082a565c74d6,Math,45,YES,YES,,YES,YES,COMPLETE_VALID,NO
e7bdbbb8d3b7ee700ed9fa9c71daf7a373acf181f59cc4a08c016c182c863623,Jsoup,50,YES,YES,,NO,NO,PENDING,YES
e8179ac0397dfbcf66aa26286c2bd27070507b5fcc5344ffc6fb65954ce9d9ce,Jsoup,36,YES,YES,,NO,NO,PENDING,YES
e889fc68011f4fa56c5b337168d74ee737874f268501c3cbfd05d7ff404867d4,Jsoup,51,YES,YES,,NO,NO,PENDING,YES
e911f206a74ed2a2d45f6e0b2d9712099365a5739580a92afa1e91183e145010,Collections,24,YES,YES,,NO,NO,PENDING,YES
e976113eb12151ce1a6bbbd85514bafceb4af7741789de450fc1c8fad7d96450,Jsoup,62,YES,YES,,NO,NO,PENDING,YES
e9978df6e52bf1a503d280ecfbe0618d1c6d57d34415e90eacc4b6cc690bcb3f,Compress,35,YES,YES,,NO,NO,PENDING,YES
e9aca1d7db70f0f20a615b5ff23734c73c68860d77a72918764872129026e0dc,Closure,51,YES,YES,,NO,NO,PENDING,YES
ea08cc9c6eb870ba391dcecd27984f8f1848d9de450eb1464383d62747a18dfd,Chart,7,YES,YES,,NO,NO,PENDING,YES
ea32eef4f61cca8882a8b01e1a888d0423b8d46da1206d876a9c3700bd33b4c7,Cli,4,YES,YES,,NO,NO,PENDING,YES
ea7c1468221203562d016c16f5936eaad9cff3e4096f2bb8e580d178a25b7760,Math,105,YES,YES,,NO,NO,PENDING,YES
eab43f28a58c60b0dd13bc758cbce8a2033c7a99203a4c40b1e75544d5d9d982,Math,47,YES,YES,,NO,NO,PENDING,YES
ead7457355933e143246864522f83cf8cce5060c595df5ee85d4e33efd86e7ab,Jsoup,31,YES,YES,,NO,NO,PENDING,YES
eb2035b068392025393d5fa9e974f4fd29b2d7a3269a3da8b3ae600e4bbb3a8d,Cli,9,YES,YES,,NO,NO,PENDING,YES
ebab5cd49274fd7f2b15699b118a88abf1c949a5a9d706315d42d578cc787af5,Lang,28,YES,YES,,YES,YES,COMPLETE_VALID,NO
ebe8e1133eb768a156205ef37648beea4bcfbe777810109fec3263e952c9ef4d,Compress,17,YES,YES,,NO,NO,PENDING,YES
ec4aa352e7377cbf65d3509d53698848bde788877f1f1225fa79ea4d3e52a9bc,Compress,47,YES,YES,,NO,NO,PENDING,YES
ec70fae90c61afb0b03aa749a34e5e19162dab72c1c91f86d7786fc382ff3756,Collections,22,YES,YES,,NO,NO,PENDING,YES
ecbef2099e3e0e0a22b4cbffdb8713d0cf21341f375c961e3276a308010823df,Math,94,YES,YES,,NO,NO,PENDING,YES
eceaa3f5769901e6f87e6c1ea9bd0bd996bdc9e7e4afb30c623eb0896ea5fb27,JacksonDatabind,13,YES,YES,,NO,NO,PENDING,YES
ed923203c93b7fafddb0224f3495a60bc44a87c58d02cc2e033fbff03bbdac87,Jsoup,41,YES,YES,,NO,NO,PENDING,YES
ede1b83a17e5ba00382349aedf550d32d334ce1874fb7a0336b9e7984378f0e5,Closure,123,YES,YES,,NO,NO,PENDING,YES
eefd802ab3920639dd6c9a6ef5b3a47a5f1206bada9316daf0b4b4fc71685779,Csv,11,YES,YES,,NO,NO,PENDING,YES
ef16e2b8ee81b5c2c1b4b5ca97bd110911f68ed86358faf02ae501403647da8d,Closure,154,YES,YES,,NO,NO,PENDING,YES
ef5ea6c62041667bc4be0376e423fd05d91b507964a1cc65e1c4af3cac6076f6,JacksonDatabind,95,YES,YES,,NO,NO,PENDING,YES
f00d40a5b25c3c449e06f6a0202d8a47b3a0c9a79a54ea03a43f4a9e12a3e0bf,Closure,122,YES,YES,,NO,NO,PENDING,YES
f08deb362013e777abd4eb7a6343464d35cdd5f6eb98a9799083cbd7596d88b3,JacksonCore,4,YES,YES,,NO,NO,PENDING,YES
f106210f4425e2e7d9dbd20b34174ebf448353cff78fb173419d87562f89f443,Closure,175,YES,YES,,NO,NO,PENDING,YES
f193fe1d70c5b5a35e487be4103f62dc343819649a6c8d382c76ee58b89852da,Math,75,YES,YES,,NO,NO,PENDING,YES
f2025cc035c1169a1ea736d93337c9da4665698988d8ff543e8b2d64f55e627e,Math,23,YES,YES,,YES,YES,COMPLETE_VALID,NO
f204e9f9b8201b63018abc8642fcffd0214263941431132855d5740ef37201fe,Jsoup,74,YES,YES,,NO,NO,PENDING,YES
f265034d8f2a345f551a9b8d5b23f4bd63795cdc40cb2bfe7a8e41bb70827dad,Gson,15,YES,YES,,NO,NO,PENDING,YES
f28e4d7176f7f48772646320fcbe6b296fb872ed62d2a477b774446acac2c220,JacksonCore,8,YES,YES,,NO,NO,PENDING,YES
f2e97f49bbd69fff7f8f3e38bf4067442579d4e85687657f02b6d988fd80f255,Lang,53,YES,YES,,YES,YES,COMPLETE_VALID,NO
f300bc38dfe10139c1b1c244b292e39933ae27818b64438b523bb161320399be,JacksonDatabind,24,YES,YES,,NO,NO,PENDING,YES
f3bfbed638fc43c9b591b44a6b4e812a1fd4a61f39d712700994ab3268d69dee,Math,62,YES,YES,,NO,NO,PENDING,YES
f3c344a19f778407e8ff8a2a4663a8c0a267d983852965d581383dd1f42b4d0d,Time,1,YES,YES,,NO,NO,PENDING,YES
f3d6bb9c95ac96210135196324b77eb8c1744124e5899f216f6a584cdaa43fd0,Lang,56,YES,YES,,YES,YES,COMPLETE_VALID,NO
f3f36f2d75c595b697fb8a15975cdd9c72e7e917932196c0df03d28145ce72bd,Math,26,YES,YES,,YES,YES,COMPLETE_VALID,NO
f3f436dd5f30d08adc7be37bcc1ffb154cef23cfaed4ee1ee93dd59a78dff6c8,Closure,27,YES,YES,,NO,NO,PENDING,YES
f40649ee76a817f444e6d1f19e0d99a7a5af2aafe46bd22ff9e2d575c4780312,Gson,7,YES,YES,,NO,NO,PENDING,YES
f41807304a3f2eaf1d462227fadbca89fe3631c130bdeaa57fd497b3982fb6f6,Cli,12,YES,YES,,NO,NO,PENDING,YES
f4554dc267774465579910eed17917c1b13ba2872bdf54dbc25b39eaf68e0930,Math,52,YES,YES,,NO,NO,PENDING,YES
f4e29a978f06b84609aaefba55be82152b42fd1fa65814be0715766b1125f50d,Closure,90,YES,YES,,NO,NO,PENDING,YES
f5361997fe845890cbb14fabd50e0285f56176d46872ac487202ae33121c6d79,Mockito,31,YES,YES,,NO,NO,PENDING,YES
f54de6b1dc17345b9f9a0aa233619a1e6de9b3743aaa6ba3dc836f10d13168dd,Mockito,10,YES,YES,,NO,NO,PENDING,YES
f5bb86d27c13895e768db5f6aa98497e63d7a691addeadd1e6df7fb7f5325e49,Closure,92,YES,YES,,NO,NO,PENDING,YES
f605d160cebe060d51797ce01482d7a813544dc18bf662bf44acfe4211067635,JacksonDatabind,28,YES,YES,,NO,NO,PENDING,YES
f6193b83eaca3f1d05c33fee16b52dd4ef48e4d39e0f601c5116c9ee14104367,Collections,13,YES,YES,,NO,NO,PENDING,YES
f6216dbacc91f3aab4e4ba8f102d8402977728574de200e5402237e06c8907cc,Mockito,25,YES,YES,,NO,NO,PENDING,YES
f6d7f04f436a9f5f2936805dccc213b1c3bba35907db33182d29067d4c01389f,Closure,37,YES,YES,,NO,NO,PENDING,YES
f6e02f2e5322374cb28cbab5a3adf9fdf08fc5f7f283084e4169b8ad95ad7951,Codec,16,YES,YES,,NO,NO,PENDING,YES
f7c9ec9a05451e31412651fa1b169eb645f8867f39b354b8dc78f6eaa02feebc,JacksonXml,1,YES,YES,,NO,NO,PENDING,YES
f7f4ee4ff378922638831e0ac3ec00a4a3e09145e800b4134e47512a2a49ca54,JacksonDatabind,57,YES,YES,,NO,NO,PENDING,YES
f8a2982d41e9f248644c44678c35a8c0881099d5e6748635f592baadd8a64d75,Math,60,YES,YES,,YES,YES,COMPLETE_VALID,NO
f920bca9ecca0f0826555c643cf73fd5576ae933f015e0dd2e5bdae086f4e10d,JacksonDatabind,46,YES,YES,,NO,NO,PENDING,YES
f93d5f4d91d29c4efaafb2e554971c8faddec19b42be6e467dfe8454d3d413ba,Time,10,YES,YES,,NO,NO,PENDING,YES
fa02821280b570686b5083afa3d3a7e0c10bd325ec6dd3603b598475bc900ade,Collections,9,YES,YES,,NO,NO,PENDING,YES
fae8d82ba1027d099bc2659400f3e6f8bcb2f2c456bd3da4c13c7df278509563,Mockito,15,YES,YES,,NO,NO,PENDING,YES
fb66820463e39873db7403964c3c082980cb4bccaebcc2bf1e689b43e9a27b8f,Math,93,YES,YES,,YES,YES,COMPLETE_VALID,NO
fb8430a6fbb45299a602dda10729bafa3704b064613093c0c561ec2475958f90,Math,2,YES,YES,,YES,YES,COMPLETE_VALID,NO
fbb168edbd94aaa189e9128a398f43edc5a3b1b9001e1c992b7383efe8ef4002,Lang,13,YES,YES,,YES,YES,COMPLETE_VALID,NO
fc4053682a3bb722febb0cea157322516d6a404b7acbc81ae4e29414c1219323,Mockito,29,YES,YES,,NO,NO,PENDING,YES
fccc46d7a43ab9f791cb40d463adce8263e5f75da94448760828ded9579cbf1f,Compress,37,YES,YES,,NO,NO,PENDING,YES
fd1fa592acdb4f8a48c996f00f2ed753f6e6065070de4ee5d3787af3d3212118,Jsoup,61,YES,YES,,NO,NO,PENDING,YES
fe4d0207f9bc0536148fb02d98bcb4c87b7ce4720f8469f892a8fe7b16e6d316,Closure,176,YES,YES,,NO,NO,PENDING,YES
fe9c570e568aacbbd15cd3790c2db6dbcf9157b0c5a6a87a62164ee095a30258,Math,15,YES,YES,,YES,NO,TIMEOUT,NO
ff17aa418f9dd5e7202a7d0aba469559464c412ffada14a1ea69137b6fa880b8,Gson,4,YES,YES,,NO,NO,PENDING,YES
ff2440c820c2b2419ed3bb5d3302ada081ab9d977d016fe81e20f78049e978f3,Lang,38,YES,YES,,YES,YES,COMPLETE_VALID,NO
ff261e95be6f43386e107c750e8303b65913fae5169712d5686f38d05353d1b6,Math,50,YES,YES,,YES,YES,COMPLETE_VALID,NO
ffa7242d690237a6388f95604298f72948209c1f513ba7ed2e36967db974bb7e,Jsoup,29,YES,YES,,NO,NO,PENDING,YES
fff19a87d6665c1c769bbd359fb10d37c01a73194d938c2eb51745719eeb84b9,Gson,9,YES,YES,,NO,NO,PENDING,YES
fff59f8c26cd6b46153e4fba2bfb4bef73993a03e8db920716fe47fa72884f03,Jsoup,27,YES,YES,,NO,NO,PENDING,YES
