project,n_primary,mean_excess,mean_r_trigger,mean_r_placebo
Chart,11,0.37894784953608485,0.8181818181818182,0.43923396864573333
Cli,10,0.048169191919191924,0.35,0.3018308080808081
Closure,26,0.6280199421721555,0.8098290598290598,0.18180911765690427
Codec,14,0.430581205049441,0.6428571428571429,0.21227593780770188
Collections,19,0.4223085431169663,0.5263157894736842,0.1040072463567179
Compress,17,0.5593491242650908,0.8823529411764706,0.32300381691137986
Csv,16,0.5354490250611027,0.65625,0.12080097493889728
Gson,10,0.5081705306235971,0.6,0.09182946937640304
JacksonCore,12,0.20342261904761905,0.75,0.546577380952381
JacksonDatabind,6,0.6666666666666666,0.8333333333333334,0.16666666666666666
JacksonXml,3,0.6377165445878387,0.6666666666666666,0.028950122078828047
Jsoup,40,0.5280251362188113,0.7075,0.17947486378118885
JxPath,14,0.4983828619166965,0.5714285714285714,0.07304570951187493
Lang,17,0.42076110164345465,0.7941176470588235,0.3733565454153689
Math,54,0.24567727763759628,0.5277777777777778,0.2821005001401815
Mockito,9,0.38940329218106995,0.5185185185185185,0.12911522633744854
Time,10,0.3184928864239209,0.4,0.0815071135760791
