project,active,pre_outcome_eligible,previously_completed,new_attempted,valid_matrices,timeouts,build_failures,mutation_failures,other_failures,primary_event_eligible,nogain_trigger_support,matched_control_support,locality_support,provenance_support
Chart,26,26,0,26,21,4,0,1,0,11,12,11,0,0
Cli,39,39,0,39,14,0,0,25,0,10,10,10,0,0
Closure,174,174,0,174,41,40,0,93,0,26,26,26,0,0
Codec,18,18,0,18,18,0,0,0,0,14,15,14,0,0
Collections,28,28,0,28,28,0,0,0,0,19,19,19,0,0
Compress,47,47,0,47,44,0,0,3,0,17,19,17,0,0
Csv,16,16,0,16,16,0,0,0,0,16,16,16,0,0
Gson,18,18,0,18,12,3,0,3,0,10,10,10,0,0
JacksonCore,26,26,0,26,22,4,0,0,0,12,12,12,0,0
JacksonDatabind,110,110,0,110,12,0,0,98,0,6,6,6,0,0
JacksonXml,6,6,0,6,6,0,0,0,0,3,3,3,0,0
Jsoup,93,93,0,93,66,15,0,12,0,40,41,40,0,0
JxPath,22,22,0,22,22,0,0,0,0,14,14,14,0,0
Lang,61,61,58,0,58,0,0,3,0,17,23,17,17,0
Math,106,106,47,46,88,18,0,0,0,54,59,54,0,0
Mockito,38,38,0,38,10,1,4,23,0,9,9,9,0,0
Time,26,26,0,26,13,8,0,5,0,10,10,10,0,0
