project,bug_id,status
JacksonDatabind,66,MUTATION_FAILURE
Compress,43,MUTATION_FAILURE
Closure,59,MUTATION_FAILURE
Cli,5,MUTATION_FAILURE
JacksonDatabind,86,MUTATION_FAILURE
Closure,172,MUTATION_FAILURE
Closure,70,MUTATION_FAILURE
JacksonCore,9,TIMEOUT
Mockito,3,MUTATION_FAILURE
Jsoup,57,MUTATION_FAILURE
Jsoup,91,TIMEOUT
Cli,21,MUTATION_FAILURE
JacksonDatabind,97,MUTATION_FAILURE
JacksonDatabind,67,MUTATION_FAILURE
JacksonDatabind,83,MUTATION_FAILURE
Time,15,TIMEOUT
Closure,164,MUTATION_FAILURE
JacksonDatabind,111,MUTATION_FAILURE
JacksonDatabind,3,MUTATION_FAILURE
JacksonDatabind,11,MUTATION_FAILURE
Closure,150,TIMEOUT
Closure,43,MUTATION_FAILURE
JacksonDatabind,99,MUTATION_FAILURE
Closure,145,MUTATION_FAILURE
Closure,68,MUTATION_FAILURE
Closure,104,MUTATION_FAILURE
Mockito,7,MUTATION_FAILURE
Closure,165,MUTATION_FAILURE
Cli,10,MUTATION_FAILURE
Cli,27,MUTATION_FAILURE
Closure,17,MUTATION_FAILURE
Closure,19,MUTATION_FAILURE
Closure,129,MUTATION_FAILURE
Closure,133,MUTATION_FAILURE
Mockito,22,MUTATION_FAILURE
Jsoup,76,TIMEOUT
Closure,95,TIMEOUT
Closure,13,TIMEOUT
Jsoup,65,MUTATION_FAILURE
Closure,14,TIMEOUT
Closure,80,MUTATION_FAILURE
Closure,73,MUTATION_FAILURE
Closure,125,MUTATION_FAILURE
Mockito,11,BUILD_FAILURE
Cli,22,MUTATION_FAILURE
JacksonDatabind,100,MUTATION_FAILURE
JacksonDatabind,59,MUTATION_FAILURE
Closure,81,MUTATION_FAILURE
JacksonDatabind,82,MUTATION_FAILURE
Closure,106,TIMEOUT
Time,17,TIMEOUT
JacksonDatabind,72,MUTATION_FAILURE
Gson,13,TIMEOUT
JacksonCore,25,TIMEOUT
JacksonDatabind,92,MUTATION_FAILURE
JacksonDatabind,112,MUTATION_FAILURE
JacksonDatabind,60,MUTATION_FAILURE
JacksonDatabind,69,MUTATION_FAILURE
Closure,6,MUTATION_FAILURE
Jsoup,4,TIMEOUT
JacksonDatabind,31,MUTATION_FAILURE
Closure,38,MUTATION_FAILURE
Time,18,TIMEOUT
Closure,32,MUTATION_FAILURE
Closure,16,TIMEOUT
JacksonDatabind,58,MUTATION_FAILURE
Closure,77,MUTATION_FAILURE
Time,23,MUTATION_FAILURE
Closure,102,TIMEOUT
JacksonDatabind,62,MUTATION_FAILURE
Time,25,MUTATION_FAILURE
JacksonDatabind,70,MUTATION_FAILURE
Closure,64,MUTATION_FAILURE
JacksonDatabind,44,MUTATION_FAILURE
Closure,79,MUTATION_FAILURE
JacksonDatabind,101,MUTATION_FAILURE
Closure,66,MUTATION_FAILURE
Closure,138,TIMEOUT
Mockito,20,MUTATION_FAILURE
Closure,159,TIMEOUT
JacksonDatabind,78,MUTATION_FAILURE
Mockito,27,MUTATION_FAILURE
Math,39,TIMEOUT
Closure,40,TIMEOUT
JacksonDatabind,22,MUTATION_FAILURE
Closure,146,MUTATION_FAILURE
Time,19,MUTATION_FAILURE
Cli,25,MUTATION_FAILURE
Closure,20,TIMEOUT
JacksonDatabind,9,MUTATION_FAILURE
Time,8,TIMEOUT
JacksonDatabind,30,MUTATION_FAILURE
Cli,29,MUTATION_FAILURE
JacksonDatabind,38,MUTATION_FAILURE
Math,19,TIMEOUT
Closure,118,MUTATION_FAILURE
JacksonDatabind,85,MUTATION_FAILURE
Math,54,TIMEOUT
JacksonDatabind,63,MUTATION_FAILURE
Closure,47,MUTATION_FAILURE
Mockito,21,BUILD_FAILURE
Closure,113,TIMEOUT
Lang,64,MUTATION_FAILURE
Mockito,13,MUTATION_FAILURE
Closure,36,TIMEOUT
JacksonDatabind,87,MUTATION_FAILURE
Closure,86,MUTATION_FAILURE
Closure,82,MUTATION_FAILURE
Closure,44,MUTATION_FAILURE
Jsoup,60,MUTATION_FAILURE
Closure,131,MUTATION_FAILURE
Closure,121,TIMEOUT
Mockito,4,MUTATION_FAILURE
Time,6,TIMEOUT
Closure,174,MUTATION_FAILURE
Math,18,TIMEOUT
JacksonDatabind,64,MUTATION_FAILURE
JacksonDatabind,96,MUTATION_FAILURE
JacksonDatabind,56,MUTATION_FAILURE
Jsoup,9,TIMEOUT
Closure,3,TIMEOUT
Mockito,8,MUTATION_FAILURE
Closure,132,TIMEOUT
Closure,18,MUTATION_FAILURE
JacksonDatabind,6,MUTATION_FAILURE
Lang,42,MUTATION_FAILURE
JacksonDatabind,104,MUTATION_FAILURE
Mockito,1,MUTATION_FAILURE
JacksonDatabind,45,MUTATION_FAILURE
Closure,141,MUTATION_FAILURE
JacksonDatabind,79,MUTATION_FAILURE
Closure,112,TIMEOUT
Jsoup,6,TIMEOUT
Closure,61,MUTATION_FAILURE
Closure,69,MUTATION_FAILURE
Mockito,6,MUTATION_FAILURE
Chart,19,TIMEOUT
Closure,42,MUTATION_FAILURE
Jsoup,70,TIMEOUT
JacksonDatabind,34,MUTATION_FAILURE
JacksonDatabind,76,MUTATION_FAILURE
Mockito,19,MUTATION_FAILURE
JacksonDatabind,32,MUTATION_FAILURE
Math,20,TIMEOUT
Closure,114,TIMEOUT
Chart,10,MUTATION_FAILURE
JacksonDatabind,102,MUTATION_FAILURE
Closure,11,MUTATION_FAILURE
Closure,1,TIMEOUT
Math,81,TIMEOUT
Cli,1,MUTATION_FAILURE
Closure,116,TIMEOUT
Math,80,TIMEOUT
JacksonDatabind,68,MUTATION_FAILURE
Closure,155,MUTATION_FAILURE
JacksonDatabind,40,MUTATION_FAILURE
Mockito,34,MUTATION_FAILURE
Closure,167,MUTATION_FAILURE
Time,20,MUTATION_FAILURE
Closure,24,TIMEOUT
Chart,4,TIMEOUT
Mockito,23,MUTATION_FAILURE
JacksonDatabind,4,MUTATION_FAILURE
Cli,8,MUTATION_FAILURE
Closure,22,MUTATION_FAILURE
Closure,94,MUTATION_FAILURE
Closure,140,MUTATION_FAILURE
Jsoup,63,MUTATION_FAILURE
JacksonDatabind,106,MUTATION_FAILURE
JacksonDatabind,25,MUTATION_FAILURE
Closure,52,MUTATION_FAILURE
Closure,166,MUTATION_FAILURE
Cli,16,MUTATION_FAILURE
Closure,96,MUTATION_FAILURE
Math,6,TIMEOUT
JacksonDatabind,17,MUTATION_FAILURE
Closure,153,MUTATION_FAILURE
Math,63,TIMEOUT
Closure,120,MUTATION_FAILURE
Closure,30,TIMEOUT
Jsoup,68,TIMEOUT
Math,38,TIMEOUT
Cli,20,MUTATION_FAILURE
Closure,162,MUTATION_FAILURE
JacksonDatabind,105,MUTATION_FAILURE
Time,13,TIMEOUT
Cli,28,MUTATION_FAILURE
JacksonDatabind,84,MUTATION_FAILURE
JacksonDatabind,8,MUTATION_FAILURE
Jsoup,59,MUTATION_FAILURE
Closure,41,MUTATION_FAILURE
Closure,57,MUTATION_FAILURE
JacksonDatabind,7,MUTATION_FAILURE
Jsoup,83,TIMEOUT
Mockito,36,MUTATION_FAILURE
Mockito,14,MUTATION_FAILURE
JacksonDatabind,91,MUTATION_FAILURE
Closure,75,MUTATION_FAILURE
Closure,157,MUTATION_FAILURE
Cli,18,MUTATION_FAILURE
JacksonDatabind,61,MUTATION_FAILURE
JacksonDatabind,42,MUTATION_FAILURE
Closure,62,MUTATION_FAILURE
Closure,130,TIMEOUT
Mockito,33,TIMEOUT
Closure,26,MUTATION_FAILURE
Closure,56,MUTATION_FAILURE
Closure,144,MUTATION_FAILURE
Mockito,17,MUTATION_FAILURE
JacksonDatabind,48,MUTATION_FAILURE
JacksonDatabind,93,MUTATION_FAILURE
Closure,48,MUTATION_FAILURE
Compress,44,MUTATION_FAILURE
Closure,119,TIMEOUT
JacksonDatabind,10,MUTATION_FAILURE
JacksonDatabind,103,MUTATION_FAILURE
Closure,160,MUTATION_FAILURE
JacksonDatabind,27,MUTATION_FAILURE
JacksonDatabind,75,MUTATION_FAILURE
Cli,14,MUTATION_FAILURE
Closure,35,TIMEOUT
Mockito,24,MUTATION_FAILURE
Closure,103,TIMEOUT
Closure,149,MUTATION_FAILURE
Cli,2,MUTATION_FAILURE
Closure,128,MUTATION_FAILURE
Jsoup,58,MUTATION_FAILURE
Cli,19,MUTATION_FAILURE
Gson,18,MUTATION_FAILURE
JacksonDatabind,73,MUTATION_FAILURE
JacksonDatabind,50,MUTATION_FAILURE
Math,10,TIMEOUT
Closure,139,TIMEOUT
Closure,4,MUTATION_FAILURE
JacksonDatabind,54,MUTATION_FAILURE
Math,59,TIMEOUT
JacksonDatabind,15,MUTATION_FAILURE
Closure,33,MUTATION_FAILURE
JacksonDatabind,14,MUTATION_FAILURE
JacksonDatabind,23,MUTATION_FAILURE
JacksonDatabind,47,MUTATION_FAILURE
Closure,49,TIMEOUT
Closure,98,TIMEOUT
JacksonDatabind,55,MUTATION_FAILURE
Closure,158,MUTATION_FAILURE
Closure,54,MUTATION_FAILURE
Jsoup,64,MUTATION_FAILURE
Jsoup,87,TIMEOUT
Gson,14,MUTATION_FAILURE
Chart,15,TIMEOUT
Closure,117,MUTATION_FAILURE
Closure,45,TIMEOUT
JacksonDatabind,109,MUTATION_FAILURE
Cli,17,MUTATION_FAILURE
Mockito,26,MUTATION_FAILURE
JacksonDatabind,1,MUTATION_FAILURE
Cli,30,MUTATION_FAILURE
Mockito,16,MUTATION_FAILURE
Mockito,5,MUTATION_FAILURE
Closure,156,TIMEOUT
Closure,109,MUTATION_FAILURE
JacksonDatabind,108,MUTATION_FAILURE
Math,7,TIMEOUT
Gson,16,MUTATION_FAILURE
Lang,62,MUTATION_FAILURE
Closure,65,MUTATION_FAILURE
Closure,39,MUTATION_FAILURE
Jsoup,66,MUTATION_FAILURE
Math,17,TIMEOUT
JacksonDatabind,12,MUTATION_FAILURE
Closure,142,TIMEOUT
Jsoup,55,MUTATION_FAILURE
Closure,135,MUTATION_FAILURE
Jsoup,71,TIMEOUT
Mockito,18,MUTATION_FAILURE
JacksonDatabind,20,MUTATION_FAILURE
JacksonDatabind,19,MUTATION_FAILURE
Jsoup,56,MUTATION_FAILURE
Closure,169,MUTATION_FAILURE
Mockito,35,MUTATION_FAILURE
JacksonDatabind,94,MUTATION_FAILURE
JacksonDatabind,37,MUTATION_FAILURE
Cli,23,MUTATION_FAILURE
Math,79,TIMEOUT
JacksonCore,19,TIMEOUT
Closure,108,TIMEOUT
Mockito,2,MUTATION_FAILURE
Jsoup,92,TIMEOUT
Jsoup,67,TIMEOUT
Closure,137,MUTATION_FAILURE
Time,26,MUTATION_FAILURE
Cli,24,MUTATION_FAILURE
Closure,134,TIMEOUT
JacksonDatabind,33,MUTATION_FAILURE
Cli,26,MUTATION_FAILURE
Math,71,TIMEOUT
JacksonDatabind,26,MUTATION_FAILURE
Closure,84,MUTATION_FAILURE
Closure,89,TIMEOUT
JacksonDatabind,77,MUTATION_FAILURE
JacksonDatabind,53,MUTATION_FAILURE
Time,14,TIMEOUT
Jsoup,90,TIMEOUT
Chart,14,TIMEOUT
JacksonDatabind,16,MUTATION_FAILURE
Jsoup,72,TIMEOUT
JacksonDatabind,36,MUTATION_FAILURE
JacksonDatabind,71,MUTATION_FAILURE
Closure,25,TIMEOUT
Closure,21,MUTATION_FAILURE
Closure,10,MUTATION_FAILURE
Closure,2,MUTATION_FAILURE
Time,9,TIMEOUT
JacksonCore,12,TIMEOUT
JacksonDatabind,81,MUTATION_FAILURE
Closure,168,MUTATION_FAILURE
Cli,11,MUTATION_FAILURE
Math,16,TIMEOUT
JacksonDatabind,43,MUTATION_FAILURE
Closure,7,MUTATION_FAILURE
Closure,31,MUTATION_FAILURE
Closure,173,MUTATION_FAILURE
Mockito,9,BUILD_FAILURE
Closure,71,MUTATION_FAILURE
Closure,152,MUTATION_FAILURE
JacksonDatabind,5,MUTATION_FAILURE
JacksonDatabind,80,MUTATION_FAILURE
JacksonDatabind,52,MUTATION_FAILURE
JacksonDatabind,21,MUTATION_FAILURE
JacksonDatabind,2,MUTATION_FAILURE
Closure,110,MUTATION_FAILURE
Closure,115,TIMEOUT
JacksonDatabind,41,MUTATION_FAILURE
Closure,60,MUTATION_FAILURE
Closure,171,MUTATION_FAILURE
JacksonDatabind,90,MUTATION_FAILURE
Closure,34,MUTATION_FAILURE
Jsoup,51,TIMEOUT
Jsoup,62,MUTATION_FAILURE
Closure,51,MUTATION_FAILURE
Cli,4,MUTATION_FAILURE
Cli,9,MUTATION_FAILURE
Compress,47,MUTATION_FAILURE
JacksonDatabind,13,MUTATION_FAILURE
Closure,123,MUTATION_FAILURE
Closure,154,MUTATION_FAILURE
JacksonDatabind,95,MUTATION_FAILURE
Closure,122,MUTATION_FAILURE
Closure,175,TIMEOUT
JacksonDatabind,24,MUTATION_FAILURE
Closure,27,MUTATION_FAILURE
Gson,7,TIMEOUT
Cli,12,MUTATION_FAILURE
Closure,90,MUTATION_FAILURE
Mockito,10,BUILD_FAILURE
Closure,92,TIMEOUT
Closure,37,MUTATION_FAILURE
JacksonDatabind,57,MUTATION_FAILURE
JacksonDatabind,46,MUTATION_FAILURE
Jsoup,61,MUTATION_FAILURE
Closure,176,TIMEOUT
Math,15,TIMEOUT
Gson,4,TIMEOUT
